Time,Chan90,Chan95,Bank90,Bank95,Totl90,Totl95
Oct-1921,4.05,7.91,0.31,0.61,4.36,8.52
Nov-1921,4.38,8.55,0.26,0.52,4.64,9.07
Dec-1921,3.79,7.41,0.48,0.95,4.27,8.36
Jan-1922,4.09,7.91,0.33,0.66,4.42,8.56
Feb-1922,3.45,6.76,1.66,3.2,5.11,9.96
Mar-1922,3.95,7.62,0.44,0.87,4.38,8.49
Apr-1922,3.53,6.91,1.19,2.3,4.73,9.21
May-1922,4.05,7.91,0.48,0.92,4.53,8.84
Jun-1922,4.11,8.01,0.41,0.8,4.52,8.81
Jul-1922,4.08,7.97,0.33,0.66,4.42,8.63
Aug-1922,4.45,8.67,0.28,0.56,4.74,9.24
Sep-1922,4.2,8.2,0.29,0.58,4.5,8.78
Oct-1922,4.19,8.18,0.27,0.53,4.46,8.72
Nov-1922,4.71,9.07,0.29,0.58,5,9.65
Dec-1922,3.4,6.68,1.63,3.17,5.04,9.84
Jan-1923,3.67,7.18,0.95,1.83,4.62,9.01
Feb-1923,4.28,8.3,0.3,0.61,4.59,8.9
Mar-1923,4.51,8.72,0.29,0.56,4.8,9.28
Apr-1923,4.2,8.11,0.31,0.62,4.51,8.73
May-1923,4.17,8.13,0.38,0.74,4.55,8.87
Jun-1923,4.34,8.42,0.35,0.7,4.69,9.12
Jul-1923,3.58,6.99,0.59,1.15,4.17,8.14
Aug-1923,4.45,8.66,0.32,0.62,4.77,9.28
Sep-1923,4.92,9.52,0.26,0.52,5.18,10.04
Oct-1923,4.74,9.2,0.24,0.48,4.99,9.68
Nov-1923,5.03,9.67,0.27,0.54,5.3,10.21
Dec-1923,4.81,9.31,0.26,0.52,5.07,9.83
Jan-1924,4.66,9,0.29,0.55,4.94,9.54
Feb-1924,4.19,8.12,0.31,0.61,4.5,8.73
Mar-1924,4.61,8.91,0.3,0.6,4.91,9.52
Apr-1924,5.14,9.91,0.27,0.52,5.41,10.43
May-1924,4.84,9.37,0.26,0.51,5.09,9.88
Jun-1924,4.67,9.07,0.27,0.53,4.94,9.6
Jul-1924,4.18,8.15,0.33,0.65,4.51,8.8
Aug-1924,4.42,8.62,0.28,0.55,4.7,9.18
Sep-1924,5.02,9.68,0.26,0.51,5.28,10.19
Oct-1924,5.18,10,0.28,0.54,5.47,10.54
Nov-1924,4.9,9.44,0.28,0.56,5.18,10
Dec-1924,4.4,8.48,0.31,0.61,4.71,9.1
Jan-1925,4.57,8.83,0.28,0.56,4.85,9.39
Feb-1925,3.15,6.15,12.82,25.05,15.97,31.2
Mar-1925,4.42,8.52,0.32,0.63,4.74,9.15
Apr-1925,3.68,7.2,1.01,1.97,4.69,9.18
May-1925,4.67,9.07,0.29,0.58,4.96,9.65
Jun-1925,4.03,7.84,0.36,0.7,4.39,8.55
Jul-1925,3.49,6.83,0.64,1.23,4.13,8.06
Aug-1925,4.35,8.47,0.32,0.63,4.67,9.1
Sep-1925,5.1,9.77,0.27,0.53,5.36,10.3
Oct-1925,5.24,10.04,0.26,0.53,5.51,10.57
Nov-1925,5.13,9.83,0.27,0.53,5.39,10.36
Dec-1925,4.78,9.25,0.26,0.51,5.04,9.76
Jan-1926,3.93,7.66,0.26,0.51,4.19,8.17
Feb-1926,3.2,6.27,6.25,12.41,9.45,18.68
Mar-1926,3.77,7.36,0.45,0.88,4.22,8.24
Apr-1926,3.85,7.53,0.32,0.63,4.17,8.15
May-1926,3.73,7.28,0.48,0.92,4.21,8.2
Jun-1926,3.96,7.73,0.48,0.92,4.44,8.65
Jul-1926,3.82,7.45,0.49,0.93,4.3,8.38
Aug-1926,5.01,9.71,0.22,0.44,5.23,10.15
Sep-1926,5.05,9.74,0.26,0.5,5.31,10.23
Oct-1926,5.24,10.1,0.26,0.5,5.51,10.6
Nov-1926,3.76,7.35,0.57,1.12,4.33,8.47
Dec-1926,3.28,6.41,2.2,4.31,5.47,10.72
Jan-1927,3.17,6.2,2.8,5.48,5.96,11.68
Feb-1927,3.3,6.48,41.44,78.08,44.75,84.56
Mar-1927,3.46,6.78,1.55,2.97,5.01,9.75
Apr-1927,3.09,6.04,4.35,8.57,7.43,14.61
May-1927,4.5,8.76,0.3,0.59,4.8,9.35
Jun-1927,4.26,8.3,0.32,0.63,4.58,8.93
Jul-1927,3.25,6.35,1.12,2.18,4.37,8.53
Aug-1927,3.88,7.57,0.48,0.93,4.36,8.5
Sep-1927,4.03,7.86,0.3,0.6,4.33,8.46
Oct-1927,4.9,9.43,0.27,0.54,5.17,9.98
Nov-1927,4.31,8.33,0.32,0.64,4.63,8.98
Dec-1927,3.99,7.78,0.26,0.52,4.25,8.31
Jan-1928,3.73,7.28,0.63,1.23,4.36,8.52
Feb-1928,3.66,7.16,1.4,2.68,5.07,9.84
Mar-1928,3.32,6.52,18.58,36.01,21.9,42.52
Apr-1928,3.36,6.58,1.38,2.65,4.73,9.23
May-1928,3.4,6.65,0.77,1.5,4.18,8.15
Jun-1928,3.42,6.67,0.66,1.28,4.08,7.96
Jul-1928,3.24,6.32,1.61,3.13,4.84,9.44
Aug-1928,3.59,7,0.51,0.98,4.1,7.98
Sep-1928,3.62,7.05,0.35,0.68,3.96,7.73
Oct-1928,4.32,8.42,0.29,0.57,4.61,8.99
Nov-1928,4.9,9.43,0.29,0.59,5.19,10.02
Dec-1928,4.67,9.01,0.28,0.55,4.94,9.57
Jan-1929,4.5,8.74,0.26,0.53,4.77,9.27
Feb-1929,3.78,7.39,0.61,1.19,4.4,8.58
Mar-1929,4.57,8.79,0.3,0.6,4.87,9.4
Apr-1929,4.78,9.25,0.26,0.52,5.04,9.78
May-1929,4.34,8.46,0.31,0.62,4.65,9.08
Jun-1929,4.53,8.81,0.28,0.54,4.81,9.36
Jul-1929,4.11,8.01,0.33,0.65,4.44,8.66
Aug-1929,4.46,8.69,0.28,0.56,4.74,9.24
Sep-1929,5.24,10.03,0.26,0.52,5.5,10.55
Oct-1929,4.66,9.08,0.25,0.49,4.91,9.57
Nov-1929,4.99,9.61,0.27,0.54,5.26,10.15
Dec-1929,3.37,6.61,1.54,2.98,4.91,9.59
Jan-1930,3.61,7.04,1.18,2.26,4.79,9.3
Feb-1930,3.64,7.12,1.43,2.73,5.07,9.85
Mar-1930,3.63,7.11,1.06,2.06,4.69,9.17
Apr-1930,4.6,8.89,0.29,0.55,4.88,9.44
May-1930,4.92,9.53,0.22,0.43,5.14,9.96
Jun-1930,4.48,8.7,0.3,0.59,4.78,9.29
Jul-1930,4.16,8.09,0.36,0.71,4.52,8.8
Aug-1930,4.77,9.25,0.26,0.51,5.03,9.76
Sep-1930,5.13,9.89,0.26,0.5,5.39,10.39
Oct-1930,5.1,9.81,0.27,0.51,5.37,10.32
Nov-1930,5.06,9.76,0.26,0.51,5.32,10.27
Dec-1930,5.05,9.73,0.29,0.55,5.33,10.28
Jan-1931,3.98,7.74,0.28,0.56,4.26,8.3
Feb-1931,4.49,8.66,0.32,0.63,4.81,9.3
Mar-1931,4.59,8.89,0.28,0.56,4.87,9.45
Apr-1931,4.63,8.99,0.26,0.52,4.89,9.5
May-1931,4.92,9.53,0.26,0.51,5.18,10.04
Jun-1931,4.95,9.59,0.24,0.47,5.19,10.06
Jul-1931,4.34,8.45,0.32,0.64,4.66,9.08
Aug-1931,4.87,9.46,0.22,0.45,5.1,9.91
Sep-1931,5.21,10.03,0.27,0.52,5.48,10.55
Oct-1931,5.13,9.84,0.27,0.53,5.39,10.37
Nov-1931,4.98,9.62,0.26,0.52,5.24,10.14
Dec-1931,3.36,6.59,1.62,3.13,4.97,9.72
Jan-1932,3.75,7.34,0.61,1.18,4.35,8.52
Feb-1932,4.38,8.49,0.29,0.57,4.67,9.06
Mar-1932,4.14,8.02,0.3,0.58,4.44,8.6
Apr-1932,4.68,9.04,0.28,0.54,4.96,9.58
May-1932,5.12,9.84,0.27,0.55,5.39,10.39
Jun-1932,4.82,9.36,0.22,0.45,5.05,9.81
Jul-1932,4.89,9.47,0.24,0.47,5.13,9.94
Aug-1932,5.11,9.88,0.22,0.43,5.32,10.31
Sep-1932,5.05,9.75,0.26,0.5,5.31,10.24
Oct-1932,5.24,10.1,0.26,0.5,5.51,10.6
Nov-1932,5.3,10.18,0.27,0.51,5.56,10.69
Dec-1932,4.82,9.33,0.26,0.52,5.08,9.85
Jan-1933,4.11,8.01,0.27,0.55,4.38,8.56
Feb-1933,4.56,8.83,0.29,0.57,4.85,9.4
Mar-1933,3.7,7.22,0.97,1.88,4.68,9.1
Apr-1933,4.53,8.77,0.29,0.56,4.83,9.33
May-1933,3.95,7.68,0.47,0.91,4.42,8.59
Jun-1933,4.6,8.93,0.3,0.6,4.91,9.52
Jul-1933,4.84,9.38,0.26,0.51,5.1,9.89
Aug-1933,5.14,9.95,0.22,0.43,5.36,10.38
Sep-1933,5.29,10.18,0.26,0.5,5.55,10.68
Oct-1933,5.11,9.81,0.27,0.53,5.38,10.35
Nov-1933,5.18,9.93,0.27,0.54,5.45,10.47
Dec-1933,3.82,7.47,0.44,0.88,4.26,8.35
Jan-1934,3.73,7.3,0.64,1.24,4.37,8.53
Feb-1934,3.76,7.36,0.89,1.73,4.65,9.09
Mar-1934,4.35,8.41,0.3,0.6,4.65,9.01
Apr-1934,4.77,9.23,0.26,0.52,5.03,9.75
May-1934,4.04,7.86,0.36,0.71,4.4,8.57
Jun-1934,4.13,8.04,0.36,0.7,4.48,8.74
Jul-1934,4.85,9.42,0.22,0.44,5.07,9.87
Aug-1934,5.19,10.02,0.22,0.45,5.41,10.46
Sep-1934,5.29,10.18,0.26,0.5,5.55,10.68
Oct-1934,5.17,9.9,0.26,0.53,5.43,10.43
Nov-1934,4.11,8.01,0.28,0.56,4.39,8.57
Dec-1934,4.77,9.21,0.27,0.54,5.04,9.75
Jan-1935,3.26,6.39,1.93,3.77,5.19,10.16
Feb-1935,3.81,7.45,0.6,1.16,4.41,8.61
Mar-1935,3.65,7.17,0.97,1.9,4.62,9.06
Apr-1935,3.25,6.38,5.39,10.67,8.64,17.05
May-1935,4.93,9.5,0.28,0.56,5.21,10.06
Jun-1935,4.72,9.16,0.24,0.48,4.96,9.64
Jul-1935,4.23,8.24,0.32,0.64,4.55,8.88
Aug-1935,4.73,9.19,0.23,0.45,4.95,9.64
Sep-1935,5,9.65,0.26,0.5,5.26,10.14
Oct-1935,4.97,9.56,0.27,0.52,5.24,10.09
Nov-1935,5.03,9.71,0.26,0.52,5.28,10.23
Dec-1935,4.7,9.1,0.26,0.52,4.96,9.62
Jan-1936,3.22,6.3,3.69,7.36,6.91,13.66
Feb-1936,3.08,6.04,12.49,24.38,15.56,30.42
Mar-1936,4.26,8.24,0.31,0.62,4.58,8.86
Apr-1936,4.55,8.77,0.3,0.6,4.85,9.36
May-1936,4.76,9.23,0.22,0.45,4.98,9.68
Jun-1936,4.8,9.33,0.22,0.45,5.03,9.77
Jul-1936,3.42,6.7,0.62,1.22,4.04,7.92
Aug-1936,4.69,9.1,0.26,0.51,4.95,9.62
Sep-1936,4.79,9.25,0.27,0.55,5.07,9.79
Oct-1936,5.13,9.89,0.26,0.5,5.39,10.39
Nov-1936,4.97,9.57,0.27,0.54,5.24,10.11
Dec-1936,4.85,9.35,0.26,0.53,5.12,9.88
Jan-1937,4.49,8.73,0.27,0.53,4.76,9.26
Feb-1937,3.26,6.4,1.59,3.09,4.85,9.49
Mar-1937,3.25,6.37,1.71,3.31,4.96,9.68
Apr-1937,3.75,7.33,0.77,1.52,4.52,8.84
May-1937,4.78,9.26,0.22,0.45,5,9.7
Jun-1937,4.03,7.85,0.36,0.71,4.4,8.56
Jul-1937,3.36,6.57,0.91,1.76,4.28,8.34
Aug-1937,4.46,8.67,0.31,0.62,4.77,9.29
Sep-1937,4.95,9.54,0.26,0.52,5.21,10.06
Oct-1937,4.98,9.6,0.26,0.52,5.24,10.12
Nov-1937,3.27,6.41,2.33,4.55,5.6,10.97
Dec-1937,3.51,6.88,18.37,35.87,21.88,42.75
Jan-1938,3.45,6.73,1.36,2.6,4.81,9.33
Feb-1938,3.1,6.13,48.58,91.06,51.67,97.18
Mar-1938,2.97,5.84,59.16,111.19,62.13,117.04
Apr-1938,2.91,5.73,7.71,15.17,10.62,20.89
May-1938,3.91,7.57,0.55,1.07,4.46,8.64
Jun-1938,4.53,8.82,0.26,0.52,4.8,9.34
Jul-1938,4.07,7.93,0.36,0.71,4.42,8.63
Aug-1938,4.22,8.22,0.33,0.64,4.55,8.87
Sep-1938,4.13,8.05,0.29,0.58,4.42,8.63
Oct-1938,4.18,8.15,0.29,0.57,4.47,8.73
Nov-1938,4.47,8.71,0.26,0.51,4.72,9.22
Dec-1938,3.95,7.74,0.25,0.5,4.2,8.23
Jan-1939,4.64,8.99,0.26,0.52,4.9,9.51
Feb-1939,4.5,8.74,0.26,0.52,4.76,9.26
Mar-1939,4.57,8.87,0.26,0.52,4.83,9.38
Apr-1939,3.67,7.15,0.46,0.9,4.13,8.06
May-1939,3.97,7.74,0.33,0.66,4.31,8.4
Jun-1939,3.46,6.77,0.61,1.21,4.07,7.98
Jul-1939,3.44,6.7,0.64,1.26,4.09,7.96
Aug-1939,4.08,7.97,0.3,0.6,4.39,8.56
Sep-1939,4.99,9.62,0.26,0.52,5.25,10.14
Oct-1939,5,9.63,0.29,0.55,5.29,10.18
Nov-1939,4.85,9.4,0.24,0.48,5.09,9.88
Dec-1939,4.86,9.36,0.26,0.52,5.12,9.89
Jan-1940,3.27,6.42,3.05,6.03,6.32,12.45
Feb-1940,3.52,6.94,30.14,57.87,33.66,64.81
Mar-1940,3.51,6.87,20.72,40.16,24.23,47.03
Apr-1940,3.7,7.19,2.37,4.54,6.06,11.73
May-1940,4.34,8.45,0.28,0.56,4.62,9.02
Jun-1940,4.25,8.28,0.32,0.63,4.57,8.91
Jul-1940,3.18,6.22,1.09,2.11,4.27,8.33
Aug-1940,3.44,6.73,0.6,1.19,4.04,7.92
Sep-1940,3.59,7,0.43,0.85,4.02,7.86
Oct-1940,4.5,8.78,0.26,0.51,4.76,9.29
Nov-1940,5.08,9.76,0.26,0.51,5.33,10.27
Dec-1940,2.98,5.82,4.33,8.61,7.31,14.44
Jan-1941,3.27,6.45,34.35,64.85,37.62,71.3
Feb-1941,3.28,6.48,35.05,66.02,38.33,72.5
Mar-1941,3.34,6.53,17.09,33.24,20.43,39.77
Apr-1941,3.27,6.4,19.97,38.5,23.23,44.9
May-1941,3.35,6.56,1.39,2.67,4.73,9.23
Jun-1941,4.68,9.08,0.26,0.51,4.94,9.6
Jul-1941,3.3,6.45,0.96,1.85,4.25,8.3
Aug-1941,4.13,8.05,0.36,0.71,4.5,8.76
Sep-1941,4.2,8.19,0.29,0.58,4.49,8.77
Oct-1941,4.95,9.54,0.27,0.54,5.22,10.08
Nov-1941,4.3,8.39,0.28,0.56,4.58,8.95
Dec-1941,3.4,6.69,11.6,22.78,15,29.47
Jan-1942,3.49,6.84,18.9,36.81,22.39,43.65
Feb-1942,3.22,6.36,38.44,72.51,41.65,78.87
Mar-1942,3.9,7.62,0.29,0.57,4.19,8.18
Apr-1942,3.3,6.48,1.34,2.6,4.63,9.08
May-1942,3.36,6.57,1,1.93,4.37,8.5
Jun-1942,4.64,9.02,0.22,0.45,4.86,9.47
Jul-1942,3.55,6.95,0.57,1.13,4.13,8.08
Aug-1942,4.14,8.06,0.36,0.71,4.5,8.77
Sep-1942,4.24,8.28,0.29,0.57,4.53,8.85
Oct-1942,4.97,9.54,0.27,0.54,5.24,10.08
Nov-1942,4.3,8.39,0.26,0.53,4.56,8.91
Dec-1942,3.33,6.55,1.48,2.85,4.81,9.4
Jan-1943,3.44,6.73,19.4,37.78,22.84,44.51
Feb-1943,3.1,6.1,8.74,17.21,11.84,23.3
Mar-1943,3.1,6.08,10.91,21.37,14.01,27.45
Apr-1943,3.8,7.44,0.32,0.63,4.12,8.07
May-1943,3.64,7.1,0.56,1.07,4.2,8.17
Jun-1943,4.24,8.27,0.32,0.62,4.56,8.89
Jul-1943,3.37,6.58,0.75,1.46,4.13,8.04
Aug-1943,3.94,7.7,0.38,0.75,4.32,8.45
Sep-1943,3.6,7.01,0.43,0.85,4.03,7.86
Oct-1943,4.91,9.46,0.27,0.54,5.18,10
Nov-1943,4.55,8.87,0.26,0.51,4.81,9.38
Dec-1943,4.88,9.4,0.26,0.53,5.14,9.93
Jan-1944,4.4,8.51,0.3,0.6,4.69,9.1
Feb-1944,3.86,7.49,0.76,1.52,4.63,9.01
Mar-1944,3.97,7.69,0.47,0.95,4.44,8.63
Apr-1944,4.7,9.1,0.26,0.51,4.96,9.61
May-1944,4.7,9.12,0.25,0.51,4.96,9.63
Jun-1944,4.03,7.87,0.33,0.66,4.36,8.53
Jul-1944,3.86,7.53,0.38,0.75,4.24,8.27
Aug-1944,4.3,8.37,0.32,0.63,4.62,9
Sep-1944,4.96,9.59,0.26,0.52,5.22,10.11
Oct-1944,5.04,9.72,0.26,0.5,5.31,10.22
Nov-1944,4.57,8.84,0.31,0.62,4.88,9.46
Dec-1944,3.92,7.65,0.35,0.69,4.27,8.33
Jan-1945,4.38,8.5,0.29,0.55,4.67,9.06
Feb-1945,3.11,6.12,6.76,13.46,9.87,19.57
Mar-1945,3.78,7.38,0.64,1.23,4.42,8.61
Apr-1945,4.37,8.49,0.27,0.53,4.64,9.02
May-1945,4.56,8.86,0.31,0.61,4.86,9.46
Jun-1945,3.73,7.27,0.47,0.91,4.2,8.18
Jul-1945,3.36,6.54,0.74,1.42,4.09,7.97
Aug-1945,4.31,8.39,0.32,0.64,4.63,9.03
Sep-1945,4.78,9.25,0.26,0.52,5.03,9.77
Oct-1945,5.08,9.78,0.26,0.53,5.35,10.31
Nov-1945,4.06,7.93,0.3,0.59,4.36,8.52
Dec-1945,3.39,6.64,25.48,48.97,28.86,55.61
Jan-1946,3.25,6.37,5.67,11.24,8.92,17.61
Feb-1946,4.28,8.28,0.3,0.61,4.58,8.89
Mar-1946,4.23,8.21,0.31,0.62,4.55,8.83
Apr-1946,4.15,8.1,0.27,0.54,4.42,8.63
May-1946,3.8,7.41,0.37,0.74,4.17,8.15
Jun-1946,4.08,7.93,0.35,0.7,4.43,8.63
Jul-1946,3.33,6.5,0.94,1.83,4.27,8.33
Aug-1946,4.62,8.98,0.27,0.53,4.89,9.51
Sep-1946,4.87,9.35,0.27,0.54,5.14,9.89
Oct-1946,5.09,9.79,0.26,0.52,5.35,10.31
Nov-1946,4.84,9.34,0.27,0.53,5.1,9.87
Dec-1946,4.36,8.39,0.31,0.63,4.67,9.02
Jan-1947,4.82,9.32,0.27,0.52,5.09,9.84
Feb-1947,3.96,7.66,0.46,0.91,4.41,8.57
Mar-1947,3.77,7.38,0.45,0.89,4.23,8.28
Apr-1947,4.64,8.98,0.27,0.54,4.91,9.51
May-1947,4.14,8.05,0.36,0.71,4.5,8.76
Jun-1947,3.45,6.75,0.56,1.11,4.01,7.86
Jul-1947,3.64,7.09,0.57,1.1,4.21,8.19
Aug-1947,4.77,9.26,0.24,0.48,5.01,9.74
Sep-1947,4.9,9.45,0.27,0.51,5.16,9.96
Oct-1947,4.93,9.49,0.26,0.53,5.19,10.02
Nov-1947,4.86,9.37,0.26,0.53,5.13,9.9
Dec-1947,4.78,9.25,0.26,0.53,5.04,9.78
Jan-1948,3.84,7.51,0.44,0.86,4.28,8.38
Feb-1948,4.41,8.53,0.32,0.63,4.73,9.16
Mar-1948,3.78,7.36,0.73,1.38,4.5,8.75
Apr-1948,3.07,6.02,6.89,13.72,9.96,19.74
May-1948,3.14,6.15,2.54,4.97,5.68,11.12
Jun-1948,4.41,8.56,0.3,0.59,4.71,9.15
Jul-1948,3.39,6.61,0.61,1.19,4,7.81
Aug-1948,4.24,8.26,0.33,0.64,4.56,8.9
Sep-1948,4.79,9.28,0.26,0.52,5.05,9.8
Oct-1948,4.86,9.37,0.27,0.55,5.13,9.92
Nov-1948,5.05,9.68,0.27,0.54,5.32,10.22
Dec-1948,4.73,9.14,0.26,0.53,5,9.67
Jan-1949,4.76,9.21,0.28,0.54,5.04,9.75
Feb-1949,4.53,8.73,0.31,0.62,4.84,9.35
Mar-1949,3.39,6.64,12.43,24.36,15.81,30.99
Apr-1949,4.34,8.41,0.29,0.55,4.62,8.96
May-1949,4.23,8.25,0.32,0.64,4.56,8.89
Jun-1949,4.18,8.16,0.32,0.62,4.5,8.79
Jul-1949,3.72,7.27,0.48,0.92,4.2,8.18
Aug-1949,4.5,8.74,0.31,0.61,4.81,9.35
Sep-1949,4.88,9.46,0.26,0.52,5.15,9.98
Oct-1949,5.24,10.04,0.26,0.53,5.51,10.57
Nov-1949,5.15,9.87,0.26,0.53,5.42,10.4
Dec-1949,5.03,9.65,0.27,0.53,5.3,10.18
Jan-1950,3.72,7.27,0.64,1.24,4.36,8.51
Feb-1950,3.26,6.4,2.03,3.96,5.29,10.36
Mar-1950,3.88,7.56,0.4,0.79,4.28,8.35
Apr-1950,3.8,7.43,0.42,0.84,4.22,8.27
May-1950,4.41,8.58,0.32,0.64,4.74,9.22
Jun-1950,4.8,9.3,0.24,0.47,5.03,9.77
Jul-1950,3.35,6.54,0.74,1.42,4.09,7.96
Aug-1950,4.21,8.21,0.33,0.64,4.54,8.85
Sep-1950,4.98,9.59,0.26,0.52,5.24,10.11
Oct-1950,4.63,8.99,0.26,0.52,4.89,9.51
Nov-1950,3.17,6.22,1.75,3.41,4.92,9.63
Dec-1950,3.18,6.26,10.62,20.78,13.8,27.04
Jan-1951,2.92,5.73,7.11,14.04,10.03,19.77
Feb-1951,3.32,6.55,11.15,21.78,14.48,28.33
Mar-1951,3.69,7.22,0.71,1.39,4.39,8.61
Apr-1951,4.78,9.22,0.26,0.53,5.05,9.75
May-1951,4.88,9.43,0.22,0.45,5.1,9.88
Jun-1951,3.51,6.85,0.6,1.15,4.1,8
Jul-1951,3.17,6.21,1.08,2.08,4.25,8.29
Aug-1951,3.58,6.99,0.6,1.15,4.18,8.14
Sep-1951,3.92,7.66,0.32,0.63,4.24,8.29
Oct-1951,4.85,9.35,0.27,0.54,5.13,9.9
Nov-1951,4.79,9.21,0.3,0.6,5.09,9.81
Dec-1951,3.18,6.22,8.23,16.29,11.41,22.51
Jan-1952,3.24,6.38,18.22,35.31,21.46,41.69
Feb-1952,3.55,6.95,21.95,42.39,25.5,49.34
Mar-1952,3,5.88,10.19,19.99,13.19,25.88
Apr-1952,2.85,5.61,6.6,12.97,9.45,18.58
May-1952,4.33,8.44,0.28,0.54,4.61,8.98
Jun-1952,4.76,9.23,0.23,0.46,4.99,9.69
Jul-1952,4.22,8.23,0.32,0.64,4.55,8.87
Aug-1952,4.15,8.1,0.33,0.64,4.47,8.74
Sep-1952,3.79,7.41,0.31,0.61,4.1,8.02
Oct-1952,4.12,8.04,0.29,0.57,4.4,8.61
Nov-1952,4.57,8.89,0.25,0.5,4.83,9.4
Dec-1952,3.15,6.16,10.24,20.11,13.38,26.27
Jan-1953,3.33,6.53,41.21,77.58,44.53,84.11
Feb-1953,3.71,7.27,0.87,1.71,4.59,8.98
Mar-1953,3.75,7.34,0.48,0.94,4.23,8.28
Apr-1953,4.2,8.18,0.27,0.55,4.47,8.73
May-1953,3.64,7.11,0.5,0.99,4.14,8.1
Jun-1953,4.45,8.66,0.27,0.53,4.72,9.19
Jul-1953,3.23,6.32,1.33,2.61,4.56,8.93
Aug-1953,3.89,7.59,0.39,0.76,4.28,8.35
Sep-1953,3.95,7.73,0.29,0.58,4.25,8.31
Oct-1953,4.81,9.28,0.27,0.55,5.08,9.83
Nov-1953,3.63,7.07,0.48,0.94,4.1,8.01
Dec-1953,4.54,8.77,0.31,0.61,4.85,9.38
Jan-1954,3.51,6.9,5.64,11.18,9.15,18.08
Feb-1954,3.49,6.83,21.94,42.38,25.42,49.22
Mar-1954,2.99,5.89,8.19,16.23,11.18,22.11
Apr-1954,2.94,5.76,4.84,9.64,7.78,15.4
May-1954,3.65,7.12,0.56,1.09,4.21,8.21
Jun-1954,4.76,9.25,0.23,0.45,4.99,9.7
Jul-1954,3.2,6.24,1.57,3.06,4.77,9.29
Aug-1954,3.68,7.19,0.38,0.75,4.06,7.93
Sep-1954,3.93,7.68,0.26,0.52,4.19,8.2
Oct-1954,4.98,9.56,0.27,0.54,5.25,10.1
Nov-1954,3.9,7.62,0.42,0.82,4.32,8.44
Dec-1954,3.63,7.11,1.31,2.52,4.94,9.62
Jan-1955,3.87,7.55,0.61,1.19,4.49,8.74
Feb-1955,4.4,8.51,0.3,0.6,4.69,9.1
Mar-1955,4.2,8.14,0.33,0.65,4.53,8.79
Apr-1955,4.75,9.17,0.27,0.53,5.02,9.71
May-1955,4.32,8.42,0.31,0.62,4.63,9.04
Jun-1955,3.43,6.69,0.56,1.11,3.99,7.8
Jul-1955,3.45,6.74,0.65,1.27,4.11,8.01
Aug-1955,4.18,8.13,0.32,0.64,4.5,8.77
Sep-1955,4.98,9.59,0.26,0.52,5.24,10.12
Oct-1955,4.98,9.59,0.27,0.53,5.24,10.13
Nov-1955,4.25,8.28,0.28,0.56,4.53,8.85
Dec-1955,3.4,6.71,29.62,56.67,33.02,63.37
Jan-1956,2.96,5.83,57.64,108.51,60.6,114.34
Feb-1956,3.36,6.59,23.71,45.76,27.07,52.36
Mar-1956,3.63,7.13,0.94,1.83,4.57,8.96
Apr-1956,4.13,8,0.31,0.61,4.43,8.62
May-1956,3.88,7.58,0.36,0.71,4.25,8.29
Jun-1956,4.53,8.81,0.27,0.54,4.81,9.35
Jul-1956,3.41,6.67,0.67,1.31,4.08,7.98
Aug-1956,4.29,8.37,0.31,0.62,4.6,8.98
Sep-1956,4.06,7.92,0.29,0.58,4.35,8.51
Oct-1956,4.74,9.19,0.24,0.48,4.98,9.67
Nov-1956,4.14,8.08,0.29,0.57,4.43,8.65
Dec-1956,4.86,9.35,0.27,0.54,5.13,9.89
Jan-1957,4.4,8.51,0.3,0.6,4.69,9.1
Feb-1957,3.28,6.44,2.05,4,5.33,10.44
Mar-1957,3.15,6.19,3.85,7.61,7.01,13.79
Apr-1957,4.48,8.69,0.26,0.53,4.74,9.22
May-1957,3.35,6.55,1.06,2.04,4.41,8.59
Jun-1957,4.11,8.02,0.33,0.65,4.45,8.67
Jul-1957,3.24,6.35,1.29,2.5,4.53,8.85
Aug-1957,4.45,8.66,0.28,0.55,4.73,9.21
Sep-1957,4.39,8.55,0.3,0.6,4.69,9.15
Oct-1957,3.26,6.37,1.46,2.83,4.73,9.2
Nov-1957,3.66,7.13,0.79,1.52,4.44,8.64
Dec-1957,3.31,6.49,1.96,3.84,5.27,10.33
Jan-1958,3.19,6.24,9.87,19.42,13.06,25.66
Feb-1958,2.29,4.53,117.58,216.35,119.88,220.88
Mar-1958,3.36,6.61,27.03,51.78,30.4,58.39
Apr-1958,3.4,6.64,18.27,35.4,21.66,42.04
May-1958,4.29,8.38,0.28,0.55,4.57,8.93
Jun-1958,4.99,9.61,0.27,0.55,5.26,10.16
Jul-1958,3.46,6.77,0.58,1.14,4.04,7.91
Aug-1958,4.47,8.69,0.31,0.61,4.78,9.3
Sep-1958,3.6,7.03,0.5,0.98,4.1,8.01
Oct-1958,3.83,7.48,0.3,0.59,4.13,8.08
Nov-1958,4.35,8.5,0.27,0.53,4.62,9.03
Dec-1958,4.56,8.82,0.31,0.62,4.87,9.44
Jan-1959,3.2,6.25,3.09,6.11,6.29,12.36
Feb-1959,3.38,6.65,12.39,24.33,15.77,30.98
Mar-1959,3.92,7.65,0.3,0.6,4.22,8.26
Apr-1959,4.14,8.08,0.27,0.53,4.4,8.61
May-1959,4.35,8.48,0.28,0.55,4.63,9.03
Jun-1959,3.83,7.46,0.48,0.92,4.31,8.38
Jul-1959,3.25,6.33,1.48,2.88,4.73,9.2
Aug-1959,3.93,7.66,0.34,0.67,4.26,8.33
Sep-1959,4.77,9.2,0.26,0.53,5.03,9.73
Oct-1959,4.99,9.57,0.27,0.54,5.25,10.11
Nov-1959,5.13,9.83,0.27,0.54,5.4,10.37
Dec-1959,4.93,9.54,0.26,0.51,5.19,10.05
Jan-1960,4.47,8.61,0.31,0.62,4.78,9.22
Feb-1960,3.4,6.66,2.87,5.69,6.26,12.35
Mar-1960,3.22,6.32,1.91,3.72,5.13,10.04
Apr-1960,3.6,7.03,0.5,1,4.1,8.02
May-1960,5.01,9.69,0.23,0.45,5.23,10.14
Jun-1960,3.38,6.6,0.74,1.42,4.12,8.02
Jul-1960,3.42,6.69,0.6,1.19,4.02,7.87
Aug-1960,4.36,8.51,0.29,0.56,4.65,9.07
Sep-1960,4.96,9.56,0.27,0.53,5.22,10.09
Oct-1960,5.07,9.73,0.27,0.53,5.34,10.27
Nov-1960,4.8,9.25,0.27,0.53,5.06,9.78
Dec-1960,3.24,6.34,1.92,3.73,5.15,10.07
Jan-1961,4.57,8.79,0.31,0.62,4.88,9.41
Feb-1961,3.08,6.04,9.39,18.55,12.47,24.59
Mar-1961,3.3,6.46,2.92,5.74,6.22,12.2
Apr-1961,4.56,8.78,0.3,0.6,4.87,9.38
May-1961,3.95,7.7,0.38,0.75,4.33,8.44
Jun-1961,3.43,6.7,0.62,1.23,4.06,7.93
Jul-1961,3.36,6.56,0.82,1.58,4.18,8.14
Aug-1961,4.37,8.51,0.28,0.56,4.65,9.07
Sep-1961,4.98,9.59,0.26,0.52,5.24,10.11
Oct-1961,4.54,8.83,0.26,0.52,4.8,9.35
Nov-1961,4.72,9.11,0.31,0.62,5.03,9.73
Dec-1961,3.5,6.81,1.47,2.8,4.96,9.62
Jan-1962,4.36,8.43,0.32,0.63,4.68,9.07
Feb-1962,3.38,6.65,10.91,21.43,14.29,28.08
Mar-1962,3.73,7.32,1.1,2.11,4.84,9.44
Apr-1962,4.43,8.61,0.26,0.52,4.69,9.13
May-1962,4.01,7.81,0.36,0.71,4.37,8.53
Jun-1962,4.53,8.79,0.3,0.6,4.83,9.39
Jul-1962,3.2,6.25,1.12,2.17,4.32,8.42
Aug-1962,4.66,9.04,0.26,0.52,4.92,9.55
Sep-1962,4.82,9.35,0.26,0.52,5.08,9.87
Oct-1962,3.21,6.31,1.65,3.19,4.86,9.5
Nov-1962,4.37,8.5,0.26,0.53,4.63,9.03
Dec-1962,3.26,6.39,2.05,4.01,5.32,10.39
Jan-1963,4.33,8.35,0.32,0.64,4.65,8.98
Feb-1963,2.92,5.76,10.48,20.58,13.41,26.34
Mar-1963,3.34,6.52,1.49,2.85,4.82,9.37
Apr-1963,3.48,6.85,31.18,59.37,34.66,66.22
May-1963,4.49,8.73,0.28,0.55,4.77,9.28
Jun-1963,3.68,7.21,0.38,0.75,4.07,7.96
Jul-1963,3.25,6.33,1.12,2.18,4.36,8.51
Aug-1963,4.06,7.93,0.36,0.71,4.42,8.63
Sep-1963,3.95,7.73,0.3,0.59,4.25,8.31
Oct-1963,4.72,9.11,0.27,0.53,4.99,9.64
Nov-1963,3.37,6.59,1.29,2.49,4.67,9.08
Dec-1963,4.23,8.24,0.27,0.54,4.5,8.78
Jan-1964,3.76,7.37,0.61,1.18,4.37,8.54
Feb-1964,4.34,8.43,0.26,0.53,4.6,8.95
Mar-1964,4.62,8.96,0.26,0.52,4.88,9.48
Apr-1964,4.48,8.73,0.26,0.52,4.74,9.25
May-1964,4.37,8.52,0.29,0.56,4.65,9.08
Jun-1964,3.59,7.02,0.51,0.98,4.1,7.99
Jul-1964,3.57,6.98,0.61,1.17,4.18,8.15
Aug-1964,4.6,8.95,0.27,0.52,4.87,9.47
Sep-1964,4.91,9.48,0.29,0.55,5.19,10.03
Oct-1964,5.04,9.7,0.26,0.5,5.3,10.21
Nov-1964,4.03,7.87,0.28,0.56,4.31,8.43
Dec-1964,3.47,6.81,24.02,46.46,27.49,53.27
Jan-1965,3.31,6.49,29.45,55.93,32.75,62.42
Feb-1965,3.9,7.53,0.68,1.36,4.58,8.88
Mar-1965,4.13,8,0.33,0.65,4.46,8.65
Apr-1965,2.82,5.53,5.25,10.45,8.07,15.99
May-1965,3.88,7.58,0.41,0.8,4.29,8.38
Jun-1965,4.46,8.66,0.31,0.62,4.77,9.28
Jul-1965,3.22,6.25,1.22,2.36,4.44,8.61
Aug-1965,4.37,8.5,0.31,0.62,4.68,9.12
Sep-1965,4.09,7.98,0.29,0.57,4.37,8.55
Oct-1965,4.88,9.36,0.27,0.54,5.15,9.91
Nov-1965,3.83,7.48,0.48,0.93,4.31,8.41
Dec-1965,3.89,7.61,0.34,0.68,4.23,8.29
Jan-1966,3.12,6.11,4.51,8.95,7.63,15.06
Feb-1966,3.17,6.22,1.91,3.72,5.08,9.94
Mar-1966,3.14,6.15,2.57,5.03,5.71,11.18
Apr-1966,3.87,7.57,0.31,0.62,4.18,8.18
May-1966,4.08,7.95,0.33,0.64,4.4,8.59
Jun-1966,3.43,6.69,0.8,1.56,4.23,8.25
Jul-1966,3.3,6.42,1.35,2.62,4.66,9.04
Aug-1966,4.64,9.02,0.26,0.52,4.91,9.54
Sep-1966,4.85,9.4,0.26,0.52,5.11,9.92
Oct-1966,4.58,8.91,0.25,0.5,4.83,9.41
Nov-1966,4.37,8.44,0.3,0.6,4.67,9.05
Dec-1966,3.08,6.05,8.3,16.47,11.37,22.52
Jan-1967,3.17,6.22,8.54,16.87,11.71,23.09
Feb-1967,3.26,6.39,3.67,7.12,6.93,13.5
Mar-1967,3.18,6.24,5.66,11.15,8.84,17.38
Apr-1967,3.21,6.28,8.48,16.8,11.69,23.08
May-1967,3,5.88,2.43,4.77,5.43,10.66
Jun-1967,4.61,8.97,0.23,0.45,4.84,9.42
Jul-1967,4.15,8.09,0.41,0.8,4.56,8.89
Aug-1967,4.38,8.53,0.31,0.62,4.7,9.14
Sep-1967,3.85,7.51,0.32,0.63,4.17,8.14
Oct-1967,3.98,7.77,0.29,0.58,4.27,8.35
Nov-1967,4.81,9.26,0.27,0.54,5.08,9.8
Dec-1967,3.9,7.6,0.31,0.61,4.21,8.21
Jan-1968,3.49,6.83,1.59,3.06,5.08,9.88
Feb-1968,3.51,6.88,18.91,36.87,22.42,43.75
Mar-1968,3.61,7.08,1.06,2.06,4.67,9.14
Apr-1968,4.81,9.3,0.26,0.52,5.07,9.82
May-1968,4.89,9.46,0.22,0.44,5.11,9.9
Jun-1968,3.54,6.9,0.64,1.23,4.18,8.13
Jul-1968,3.25,6.35,1.21,2.37,4.46,8.71
Aug-1968,4.83,9.36,0.22,0.44,5.05,9.8
Sep-1968,5.04,9.66,0.27,0.53,5.31,10.19
Oct-1968,4.69,9.09,0.27,0.53,4.95,9.62
Nov-1968,4.82,9.3,0.26,0.53,5.09,9.82
Dec-1968,2.98,5.86,6.57,13.08,9.56,18.94
Jan-1969,3.27,6.43,40.76,77.03,44.02,83.46
Feb-1969,3.37,6.65,34.06,64.24,37.43,70.9
Mar-1969,3.26,6.4,4.23,8.32,7.49,14.73
Apr-1969,3.27,6.41,2.51,4.91,5.78,11.33
May-1969,4.26,8.31,0.35,0.68,4.61,8.99
Jun-1969,4.59,8.92,0.27,0.53,4.86,9.45
Jul-1969,4.2,8.17,0.41,0.8,4.6,8.97
Aug-1969,4.32,8.4,0.32,0.64,4.64,9.04
Sep-1969,4.31,8.41,0.27,0.53,4.57,8.94
Oct-1969,4.11,8.04,0.29,0.57,4.4,8.61
Nov-1969,4.89,9.4,0.27,0.54,5.16,9.94
Dec-1969,3.4,6.67,6.98,13.81,10.37,20.48
Jan-1970,2.62,5.13,102.03,188.42,104.65,193.55
Feb-1970,3.17,6.21,12.77,24.89,15.93,31.1
Mar-1970,3.25,6.39,1.72,3.34,4.97,9.72
Apr-1970,4.76,9.21,0.28,0.54,5.05,9.75
May-1970,3.85,7.52,0.38,0.74,4.23,8.26
Jun-1970,3.42,6.68,0.73,1.42,4.16,8.09
Jul-1970,3.1,6.06,1.7,3.28,4.79,9.34
Aug-1970,3.59,7.01,0.51,0.97,4.1,7.98
Sep-1970,3.59,7,0.45,0.88,4.04,7.88
Oct-1970,4.79,9.25,0.28,0.55,5.07,9.8
Nov-1970,3.45,6.74,1.02,1.96,4.47,8.7
Dec-1970,3.29,6.48,12.09,23.7,15.39,30.18
Jan-1971,3.4,6.69,12.45,24.48,15.85,31.17
Feb-1971,3.82,7.46,0.44,0.88,4.26,8.34
Mar-1971,3.36,6.63,10.02,19.71,13.37,26.34
Apr-1971,4.35,8.38,0.31,0.63,4.66,9.01
May-1971,3.51,6.87,0.59,1.15,4.1,8.01
Jun-1971,4.48,8.71,0.3,0.6,4.79,9.31
Jul-1971,3.15,6.15,1.5,2.91,4.64,9.06
Aug-1971,4.13,8.07,0.33,0.64,4.46,8.71
Sep-1971,3.7,7.23,0.32,0.63,4.01,7.86
Oct-1971,4.88,9.37,0.27,0.54,5.14,9.9
Nov-1971,3.99,7.79,0.31,0.62,4.31,8.41
Dec-1971,4.26,8.26,0.32,0.64,4.58,8.89
Jan-1972,4.04,7.83,0.34,0.68,4.38,8.5
Feb-1972,3.37,6.6,1.13,2.18,4.5,8.78
Mar-1972,3.04,5.95,3.57,7.05,6.61,13
Apr-1972,3.93,7.69,0.29,0.58,4.22,8.27
May-1972,4.6,8.95,0.24,0.48,4.84,9.43
Jun-1972,3.34,6.52,0.95,1.84,4.29,8.36
Jul-1972,3.23,6.32,1.22,2.37,4.45,8.69
Aug-1972,4.29,8.37,0.29,0.57,4.58,8.93
Sep-1972,4.91,9.51,0.26,0.52,5.17,10.03
Oct-1972,4.58,8.85,0.3,0.61,4.89,9.46
Nov-1972,3.3,6.46,1.52,2.94,4.81,9.39
Dec-1972,3.31,6.51,1.58,3.05,4.89,9.56
Jan-1973,3.34,6.56,16.09,31.4,19.43,37.96
Feb-1973,3.47,6.79,22.93,44.22,26.39,51.01
Mar-1973,2.94,5.78,8.4,16.59,11.34,22.37
Apr-1973,4.1,7.99,0.28,0.57,4.39,8.56
May-1973,4.32,8.4,0.32,0.63,4.64,9.03
Jun-1973,3.46,6.77,0.57,1.12,4.03,7.89
Jul-1973,3.2,6.26,1.08,2.08,4.28,8.34
Aug-1973,4.64,9,0.26,0.51,4.9,9.52
Sep-1973,4.39,8.55,0.26,0.52,4.65,9.07
Oct-1973,4.72,9.11,0.27,0.53,4.99,9.64
Nov-1973,3.47,6.8,19.66,38.17,23.13,44.97
Dec-1973,3.56,6.97,20.3,39.38,23.86,46.36
Jan-1974,3.1,6.12,51.46,97.11,54.56,103.23
Feb-1974,3.23,6.35,3.32,6.56,6.55,12.91
Mar-1974,3.2,6.33,44.19,83.07,47.39,89.4
Apr-1974,2.94,5.78,10.47,20.52,13.41,26.3
May-1974,3.37,6.58,0.86,1.65,4.23,8.23
Jun-1974,4.71,9.13,0.26,0.51,4.97,9.64
Jul-1974,3.34,6.52,0.7,1.37,4.04,7.9
Aug-1974,4.36,8.48,0.31,0.62,4.67,9.1
Sep-1974,4.08,7.97,0.27,0.54,4.35,8.51
Oct-1974,4.69,9.04,0.28,0.55,4.96,9.59
Nov-1974,3.88,7.59,0.29,0.56,4.17,8.15
Dec-1974,4.27,8.27,0.32,0.63,4.59,8.9
Jan-1975,4.47,8.61,0.31,0.62,4.78,9.23
Feb-1975,2.87,5.65,9.61,18.94,12.48,24.59
Mar-1975,3.31,6.53,33.66,63.86,36.97,70.38
Apr-1975,3.67,7.18,0.92,1.78,4.59,8.97
May-1975,3.32,6.48,1.16,2.21,4.47,8.69
Jun-1975,4.23,8.23,0.33,0.65,4.56,8.88
Jul-1975,3.39,6.64,0.66,1.29,4.05,7.92
Aug-1975,4.37,8.5,0.31,0.62,4.68,9.12
Sep-1975,4.17,8.14,0.27,0.53,4.43,8.67
Oct-1975,3.64,7.09,0.47,0.94,4.11,8.03
Nov-1975,4.62,8.98,0.26,0.52,4.88,9.5
Dec-1975,4.4,8.57,0.27,0.53,4.67,9.1
Jan-1976,4.71,9.1,0.29,0.56,5,9.66
Feb-1976,4.77,9.2,0.3,0.6,5.07,9.8
Mar-1976,4.3,8.29,0.3,0.6,4.6,8.89
Apr-1976,4.66,9.03,0.26,0.53,4.92,9.55
May-1976,4.83,9.38,0.22,0.44,5.05,9.82
Jun-1976,4.08,7.95,0.32,0.64,4.4,8.59
Jul-1976,3.56,6.95,0.63,1.22,4.19,8.17
Aug-1976,4.83,9.3,0.27,0.54,5.1,9.84
Sep-1976,4.52,8.79,0.25,0.5,4.77,9.29
Oct-1976,4.9,9.45,0.28,0.55,5.18,10
Nov-1976,5.13,9.86,0.27,0.53,5.39,10.39
Dec-1976,4.12,8.04,0.26,0.52,4.38,8.56
Jan-1977,4.92,9.46,0.27,0.54,5.19,10
Feb-1977,4.9,9.48,0.29,0.55,5.19,10.02
Mar-1977,4.8,9.26,0.26,0.53,5.06,9.78
Apr-1977,4.83,9.31,0.28,0.55,5.11,9.86
May-1977,5.17,9.99,0.22,0.44,5.39,10.43
Jun-1977,3.98,7.74,0.48,0.92,4.46,8.66
Jul-1977,3.47,6.76,0.82,1.58,4.29,8.34
Aug-1977,3.91,7.65,0.3,0.6,4.22,8.24
Sep-1977,5.08,9.79,0.26,0.52,5.34,10.31
Oct-1977,4.44,8.65,0.26,0.52,4.7,9.17
Nov-1977,4.98,9.6,0.26,0.52,5.24,10.12
Dec-1977,3.34,6.55,1.75,3.39,5.09,9.94
Jan-1978,3.35,6.57,26.68,50.64,30.03,57.21
Feb-1978,3.35,6.58,16.27,31.8,19.63,38.39
Mar-1978,3.37,6.63,12.11,23.7,15.49,30.33
Apr-1978,3.18,6.23,1.92,3.74,5.1,9.97
May-1978,4.25,8.28,0.32,0.62,4.56,8.91
Jun-1978,4.56,8.87,0.28,0.55,4.84,9.42
Jul-1978,3.41,6.65,0.67,1.31,4.08,7.96
Aug-1978,4.51,8.78,0.27,0.53,4.78,9.31
Sep-1978,3.94,7.72,0.27,0.54,4.21,8.26
Oct-1978,4.82,9.29,0.27,0.55,5.1,9.84
Nov-1978,4.56,8.86,0.26,0.51,4.82,9.38
Dec-1978,4.78,9.22,0.27,0.53,5.04,9.75
Jan-1979,3.8,7.42,0.51,0.99,4.3,8.41
Feb-1979,3.27,6.43,1.94,3.79,5.21,10.21
Mar-1979,3.71,7.26,0.87,1.68,4.59,8.94
Apr-1979,4,7.8,0.28,0.55,4.28,8.35
May-1979,4.61,8.96,0.25,0.49,4.86,9.46
Jun-1979,3.55,6.93,0.59,1.17,4.14,8.1
Jul-1979,3.4,6.64,0.63,1.24,4.03,7.88
Aug-1979,4.3,8.39,0.28,0.56,4.58,8.94
Sep-1979,4.85,9.39,0.26,0.52,5.11,9.91
Oct-1979,4.86,9.36,0.27,0.55,5.13,9.91
Nov-1979,4.26,8.24,0.32,0.64,4.58,8.88
Dec-1979,3.34,6.54,1.65,3.19,4.99,9.73
Jan-1980,3.41,6.67,16.53,32.28,19.94,38.95
Feb-1980,3.4,6.7,30.19,57.67,33.59,64.37
Mar-1980,3.52,6.89,1.5,2.88,5.02,9.78
Apr-1980,4.59,8.89,0.27,0.54,4.86,9.43
May-1980,4.7,9.12,0.24,0.48,4.94,9.6
Jun-1980,4.45,8.64,0.32,0.63,4.77,9.27
Jul-1980,4.07,7.94,0.36,0.71,4.43,8.64
Aug-1980,4.57,8.88,0.26,0.52,4.83,9.4
Sep-1980,4.11,8.03,0.27,0.54,4.38,8.57
Oct-1980,5,9.59,0.27,0.54,5.27,10.13
Nov-1980,4.11,8,0.32,0.64,4.43,8.63
Dec-1980,4.46,8.59,0.31,0.62,4.77,9.21
Jan-1981,3.31,6.5,1.74,3.38,5.05,9.88
Feb-1981,3.63,7.1,1.19,2.31,4.82,9.41
Mar-1981,3.28,6.42,1.8,3.5,5.08,9.92
Apr-1981,4.11,8,0.28,0.56,4.39,8.55
May-1981,4.53,8.8,0.31,0.62,4.84,9.42
Jun-1981,3.4,6.63,0.72,1.4,4.13,8.03
Jul-1981,3.57,6.97,0.64,1.24,4.21,8.21
Aug-1981,4.63,9,0.24,0.47,4.86,9.47
Sep-1981,4.75,9.21,0.28,0.54,5.04,9.76
Oct-1981,4.79,9.24,0.26,0.53,5.05,9.77
Nov-1981,3.1,6.1,7.66,15.22,10.75,21.32
Dec-1981,3.37,6.62,25.4,48.82,28.77,55.43
Jan-1982,2.83,5.58,9.08,17.9,11.92,23.47
Feb-1982,3.44,6.75,20.91,40.61,24.36,47.36
Mar-1982,3.2,6.32,11.87,23.19,15.07,29.51
Apr-1982,3.27,6.45,29.68,56.27,32.95,62.72
May-1982,4.54,8.83,0.23,0.46,4.77,9.29
Jun-1982,4.88,9.45,0.23,0.46,5.11,9.91
Jul-1982,3.48,6.81,0.59,1.15,4.08,7.96
Aug-1982,4.55,8.86,0.24,0.48,4.79,9.34
Sep-1982,4.49,8.68,0.29,0.58,4.78,9.25
Oct-1982,3.95,7.73,0.37,0.72,4.32,8.45
Nov-1982,3.33,6.52,1.41,2.73,4.74,9.25
Dec-1982,3.36,6.57,12.18,23.86,15.53,30.43
Jan-1983,3.4,6.66,23.26,44.83,26.66,51.49
Feb-1983,2.97,5.85,57.94,109.03,60.92,114.88
Mar-1983,2.71,5.3,103.88,192,106.58,197.3
Apr-1983,3.12,6.12,11.1,21.66,14.23,27.78
May-1983,3.24,6.36,1.91,3.74,5.16,10.09
Jun-1983,4.06,7.94,0.25,0.5,4.32,8.44
Jul-1983,3.5,6.81,0.64,1.24,4.14,8.06
Aug-1983,3.4,6.65,0.66,1.28,4.06,7.93
Sep-1983,3.23,6.33,1.52,2.94,4.75,9.27
Oct-1983,3.6,7.02,0.65,1.25,4.24,8.27
Nov-1983,2.94,5.77,7.31,14.49,10.25,20.26
Dec-1983,3.31,6.5,43.09,81.07,46.4,87.57
Jan-1984,3.16,6.19,4.65,9.13,7.8,15.31
Feb-1984,3.63,7.09,0.98,1.91,4.61,8.99
Mar-1984,3.22,6.31,2.04,4,5.26,10.31
Apr-1984,4.19,8.14,0.27,0.53,4.46,8.68
May-1984,3.99,7.75,0.34,0.67,4.33,8.42
Jun-1984,3.39,6.63,0.82,1.57,4.21,8.21
Jul-1984,3.24,6.33,1.07,2.08,4.31,8.41
Aug-1984,4.4,8.58,0.28,0.54,4.68,9.12
Sep-1984,3.62,7.08,0.47,0.92,4.09,8
Oct-1984,4.92,9.48,0.26,0.53,5.19,10.01
Nov-1984,3.41,6.68,1.33,2.57,4.74,9.25
Dec-1984,3.78,7.39,0.89,1.72,4.66,9.12
Jan-1985,4.41,8.53,0.29,0.57,4.69,9.1
Feb-1985,4.15,8.04,0.33,0.66,4.48,8.71
Mar-1985,4.4,8.51,0.29,0.57,4.68,9.09
Apr-1985,4.67,9.04,0.27,0.52,4.94,9.56
May-1985,4.05,7.89,0.29,0.57,4.33,8.46
Jun-1985,3.48,6.8,0.68,1.3,4.15,8.1
Jul-1985,4,7.82,0.31,0.61,4.31,8.42
Aug-1985,4.31,8.39,0.32,0.64,4.63,9.03
Sep-1985,4.86,9.4,0.26,0.52,5.12,9.92
Oct-1985,5.05,9.69,0.27,0.54,5.32,10.23
Nov-1985,5.02,9.66,0.26,0.53,5.28,10.19
Dec-1985,4.15,8.04,0.33,0.65,4.48,8.7
Jan-1986,3.77,7.35,0.78,1.5,4.55,8.85
Feb-1986,2.69,5.31,88.62,164.57,91.31,169.89
Mar-1986,3.36,6.6,26.61,50.62,29.97,57.22
Apr-1986,4.08,7.94,0.28,0.56,4.36,8.51
May-1986,4.87,9.44,0.27,0.53,5.14,9.97
Jun-1986,4.82,9.35,0.3,0.59,5.12,9.93
Jul-1986,3.46,6.77,0.65,1.27,4.11,8.05
Aug-1986,4.29,8.36,0.33,0.64,4.62,9
Sep-1986,4.38,8.54,0.27,0.53,4.65,9.08
Oct-1986,4.96,9.55,0.27,0.53,5.22,10.09
Nov-1986,4.29,8.35,0.32,0.63,4.61,8.98
Dec-1986,4.77,9.21,0.27,0.53,5.04,9.74
Jan-1987,4.2,8.13,0.33,0.65,4.52,8.78
Feb-1987,3.72,7.28,0.96,1.86,4.67,9.14
Mar-1987,3.52,6.89,1.54,2.95,5.06,9.84
Apr-1987,3.82,7.46,0.32,0.63,4.14,8.09
May-1987,4.14,8.07,0.38,0.74,4.52,8.82
Jun-1987,3.42,6.68,0.72,1.39,4.14,8.07
Jul-1987,3.42,6.67,0.73,1.44,4.15,8.1
Aug-1987,4.34,8.45,0.29,0.56,4.62,9.01
Sep-1987,4.93,9.51,0.26,0.52,5.19,10.03
Oct-1987,4.92,9.51,0.26,0.52,5.18,10.03
Nov-1987,5.3,10.14,0.26,0.53,5.57,10.67
Dec-1987,3.69,7.18,1.31,2.49,4.99,9.66
Jan-1988,3.32,6.5,2.07,4.03,5.38,10.54
Feb-1988,3.28,6.45,1.55,3,4.83,9.45
Mar-1988,3.93,7.65,0.42,0.82,4.34,8.47
Apr-1988,4.82,9.33,0.28,0.54,5.1,9.87
May-1988,4.42,8.6,0.32,0.62,4.74,9.22
Jun-1988,3.79,7.4,0.5,0.96,4.29,8.37
Jul-1988,3.61,7.03,0.62,1.19,4.22,8.22
Aug-1988,4.76,9.24,0.23,0.46,4.99,9.7
Sep-1988,5.08,9.74,0.27,0.53,5.34,10.27
Oct-1988,4.73,9.18,0.25,0.5,4.98,9.68
Nov-1988,4.61,8.92,0.31,0.63,4.93,9.55
Dec-1988,4.63,8.97,0.26,0.52,4.89,9.49
Jan-1989,3.96,7.71,0.28,0.56,4.24,8.27
Feb-1989,4.6,8.92,0.26,0.52,4.86,9.43
Mar-1989,3.09,6.07,10.35,20.31,13.43,26.38
Apr-1989,4.1,7.94,0.31,0.62,4.41,8.55
May-1989,3.41,6.65,0.77,1.49,4.18,8.14
Jun-1989,4.12,8.03,0.35,0.69,4.47,8.72
Jul-1989,3.66,7.13,0.48,0.92,4.14,8.06
Aug-1989,4.83,9.37,0.22,0.44,5.05,9.81
Sep-1989,4.73,9.15,0.25,0.48,4.98,9.63
Oct-1989,4.86,9.38,0.27,0.54,5.13,9.92
Nov-1989,4.89,9.46,0.26,0.52,5.15,9.98
Dec-1989,4.82,9.33,0.26,0.52,5.09,9.86
Jan-1990,3.83,7.48,0.44,0.88,4.27,8.36
Feb-1990,4.39,8.54,0.27,0.54,4.66,9.08
Mar-1990,4.2,8.14,0.3,0.61,4.5,8.75
Apr-1990,4.79,9.28,0.27,0.51,5.06,9.79
May-1990,4.06,7.92,0.33,0.65,4.4,8.57
Jun-1990,3.72,7.27,0.47,0.9,4.19,8.16
Jul-1990,4.26,8.28,0.35,0.7,4.61,8.98
Aug-1990,5.12,9.9,0.22,0.45,5.35,10.35
Sep-1990,5.05,9.73,0.26,0.5,5.31,10.22
Oct-1990,5.02,9.67,0.27,0.54,5.3,10.21
Nov-1990,4.97,9.58,0.28,0.55,5.25,10.13
Dec-1990,4.63,8.93,0.3,0.61,4.93,9.53
Jan-1991,4.79,9.26,0.28,0.54,5.08,9.8
Feb-1991,4.72,9.12,0.29,0.55,5,9.66
Mar-1991,3.59,7.04,1.48,2.85,5.07,9.88
Apr-1991,4.06,7.91,0.27,0.53,4.33,8.44
May-1991,4.91,9.52,0.22,0.44,5.13,9.96
Jun-1991,4.91,9.52,0.22,0.45,5.13,9.96
Jul-1991,4.87,9.45,0.22,0.44,5.09,9.9
Aug-1991,5.18,9.96,0.27,0.54,5.46,10.5
Sep-1991,4.97,9.59,0.27,0.51,5.23,10.09
Oct-1991,5.14,9.91,0.26,0.5,5.4,10.41
Nov-1991,5.15,9.93,0.26,0.51,5.41,10.44
Dec-1991,4.84,9.37,0.26,0.53,5.11,9.9
Jan-1992,4.33,8.41,0.27,0.54,4.6,8.96
Feb-1992,3.42,6.71,1.9,3.69,5.32,10.4
Mar-1992,3.82,7.45,0.91,1.78,4.73,9.23
Apr-1992,4.36,8.46,0.27,0.53,4.62,8.99
May-1992,4.51,8.77,0.32,0.62,4.83,9.39
Jun-1992,4.3,8.37,0.32,0.62,4.61,8.99
Jul-1992,4.6,8.93,0.31,0.61,4.91,9.54
Aug-1992,4.78,9.27,0.24,0.48,5.02,9.76
Sep-1992,4.84,9.38,0.26,0.52,5.1,9.9
Oct-1992,4.93,9.5,0.27,0.55,5.2,10.05
Nov-1992,5.04,9.74,0.26,0.52,5.3,10.26
Dec-1992,3.84,7.49,0.42,0.84,4.26,8.33
Jan-1993,2.92,5.73,12.18,23.87,15.1,29.6
Feb-1993,3.23,6.34,9.44,18.56,12.67,24.9
Mar-1993,3.34,6.58,7.08,13.93,10.43,20.51
Apr-1993,3.26,6.39,1.82,3.54,5.08,9.93
May-1993,3.55,6.93,0.6,1.15,4.14,8.08
Jun-1993,3.63,7.09,0.52,1.03,4.15,8.12
Jul-1993,3.39,6.63,0.88,1.69,4.27,8.32
Aug-1993,4.48,8.73,0.24,0.48,4.72,9.21
Sep-1993,3.82,7.45,0.3,0.6,4.12,8.05
Oct-1993,4.42,8.58,0.26,0.51,4.68,9.1
Nov-1993,3.91,7.64,0.3,0.58,4.21,8.22
Dec-1993,4.33,8.38,0.3,0.6,4.63,8.98
Jan-1994,4.34,8.39,0.3,0.59,4.64,8.99
Feb-1994,3.8,7.42,0.88,1.7,4.68,9.12
Mar-1994,4.37,8.42,0.31,0.62,4.68,9.04
Apr-1994,4.97,9.62,0.26,0.51,5.23,10.14
May-1994,5.21,10,0.28,0.55,5.48,10.55
Jun-1994,3.79,7.38,0.59,1.14,4.38,8.52
Jul-1994,3.68,7.19,0.47,0.93,4.15,8.11
Aug-1994,4.64,9.02,0.23,0.47,4.88,9.48
Sep-1994,4.65,9,0.26,0.5,4.91,9.5
Oct-1994,5.09,9.81,0.26,0.5,5.35,10.31
Nov-1994,5.06,9.74,0.27,0.53,5.33,10.27
Dec-1994,4.19,8.09,0.31,0.61,4.5,8.7
Jan-1995,2.68,5.31,82.27,153.47,84.95,158.77
Feb-1995,3.12,6.14,7.38,14.53,10.5,20.67
Mar-1995,2.7,5.36,79.23,148.8,81.94,154.16
Apr-1995,3.24,6.37,2.49,4.77,5.73,11.14
May-1995,3.21,6.3,2.56,4.93,5.77,11.23
Jun-1995,4.52,8.79,0.23,0.45,4.75,9.25
Jul-1995,4.27,8.32,0.32,0.63,4.59,8.95
Aug-1995,3.83,7.47,0.36,0.72,4.19,8.18
Sep-1995,3.56,6.91,0.77,1.49,4.33,8.4
Oct-1995,4.04,7.89,0.31,0.6,4.35,8.49
Nov-1995,4.48,8.73,0.29,0.56,4.76,9.29
Dec-1995,3.26,6.39,1.81,3.52,5.07,9.91
Jan-1996,3.08,6.04,5.61,11.09,8.69,17.13
Feb-1996,3.42,6.76,35.16,66.58,38.58,73.34
Mar-1996,2.94,5.77,7.92,15.6,10.86,21.37
Apr-1996,3.78,7.37,0.47,0.94,4.25,8.31
May-1996,3.17,6.21,2.13,4.15,5.3,10.36
Jun-1996,4.85,9.38,0.22,0.44,5.07,9.83
Jul-1996,3.19,6.24,1.35,2.64,4.54,8.88
Aug-1996,4.56,8.86,0.26,0.52,4.82,9.38
Sep-1996,4.59,8.89,0.28,0.55,4.87,9.44
Oct-1996,4.4,8.6,0.28,0.56,4.69,9.16
Nov-1996,4.18,8.14,0.28,0.56,4.46,8.69
Dec-1996,3.44,6.77,24.62,47.53,28.06,54.31
Jan-1997,3.07,6.05,57.68,108.46,60.74,114.51
Feb-1997,3.25,6.38,2.36,4.53,5.61,10.9
Mar-1997,3.87,7.59,0.25,0.5,4.12,8.08
Apr-1997,4.66,9.03,0.26,0.52,4.92,9.55
May-1997,4.42,8.58,0.32,0.62,4.73,9.21
Jun-1997,3.39,6.63,0.76,1.46,4.15,8.09
Jul-1997,3.33,6.49,0.95,1.82,4.28,8.32
Aug-1997,4.76,9.23,0.22,0.45,4.98,9.68
Sep-1997,3.67,7.16,0.44,0.88,4.11,8.04
Oct-1997,4.32,8.43,0.27,0.53,4.59,8.96
Nov-1997,4.16,8.12,0.28,0.54,4.44,8.66
Dec-1997,4.1,7.9,0.77,1.54,4.87,9.44
Jan-1998,3.45,6.79,29.43,56,32.88,62.8
Feb-1998,2.59,5.07,106.21,197.01,108.8,202.08
Mar-1998,3.52,6.9,19.74,38.43,23.26,45.33
Apr-1998,3.27,6.41,2.88,5.63,6.15,12.04
May-1998,3.13,6.13,6.77,13.47,9.9,19.61
Jun-1998,3.16,6.19,4.66,9.18,7.82,15.37
Jul-1998,3.44,6.72,0.63,1.24,4.07,7.97
Aug-1998,3.42,6.66,0.68,1.32,4.09,7.98
Sep-1998,3.22,6.32,1.38,2.69,4.6,9.01
Oct-1998,3.65,7.13,0.5,0.98,4.15,8.11
Nov-1998,3.24,6.35,2.06,4.01,5.3,10.36
Dec-1998,2.9,5.69,6.47,12.89,9.37,18.58
Jan-1999,3.18,6.25,2.01,3.92,5.2,10.17
Feb-1999,3.27,6.44,30.51,57.88,33.79,64.32
Mar-1999,3.06,6,12.15,23.67,15.21,29.67
Apr-1999,3.77,7.37,0.64,1.25,4.42,8.62
May-1999,4.11,8.01,0.4,0.78,4.51,8.79
Jun-1999,3.88,7.56,0.35,0.68,4.23,8.24
Jul-1999,3.19,6.23,1.14,2.2,4.33,8.43
Aug-1999,4.35,8.46,0.32,0.63,4.66,9.09
Sep-1999,4.04,7.89,0.29,0.58,4.33,8.47
Oct-1999,4.11,8.01,0.28,0.55,4.39,8.56
Nov-1999,3.73,7.29,0.53,1.04,4.27,8.33
Dec-1999,4.77,9.2,0.28,0.55,5.04,9.75
Jan-2000,3.29,6.45,1.64,3.19,4.93,9.64
Feb-2000,3.36,6.6,41.24,77.7,44.6,84.3
Mar-2000,3.11,6.09,14.03,27.27,17.14,33.36
Apr-2000,4.67,9.01,0.3,0.6,4.97,9.6
May-2000,4.8,9.31,0.24,0.47,5.04,9.78
Jun-2000,3.4,6.64,0.82,1.57,4.22,8.22
Jul-2000,3.2,6.26,1.53,2.96,4.73,9.22
Aug-2000,3.92,7.65,0.33,0.66,4.26,8.31
Sep-2000,3.93,7.66,0.3,0.59,4.22,8.25
Oct-2000,4.29,8.35,0.29,0.57,4.58,8.92
Nov-2000,4.52,8.8,0.27,0.54,4.79,9.34
Dec-2000,4.87,9.4,0.26,0.52,5.14,9.93
Jan-2001,4.05,7.88,0.36,0.73,4.42,8.61
Feb-2001,3.67,7.18,1.3,2.5,4.97,9.68
Mar-2001,3.71,7.25,1.13,2.19,4.84,9.44
Apr-2001,4.62,8.92,0.29,0.55,4.9,9.47
May-2001,4.08,7.95,0.37,0.73,4.45,8.69
Jun-2001,3.43,6.69,0.72,1.39,4.14,8.08
Jul-2001,3.79,7.39,0.38,0.74,4.16,8.13
Aug-2001,4.47,8.71,0.26,0.53,4.73,9.24
Sep-2001,4.66,9.05,0.27,0.54,4.93,9.59
Oct-2001,4.46,8.71,0.27,0.54,4.73,9.25
Nov-2001,4.79,9.24,0.3,0.61,5.09,9.85
Dec-2001,3.3,6.5,10.24,20.21,13.54,26.71
Jan-2002,3.09,6.07,9.92,19.55,13.01,25.62
Feb-2002,3.85,7.52,0.39,0.76,4.23,8.28
Mar-2002,4.02,7.78,0.32,0.64,4.34,8.42
Apr-2002,4.66,9.01,0.29,0.56,4.95,9.57
May-2002,4.23,8.23,0.36,0.7,4.59,8.93
Jun-2002,3.63,7.09,0.57,1.12,4.2,8.21
Jul-2002,3.5,6.84,0.51,0.98,4.01,7.82
Aug-2002,4.65,9.03,0.24,0.48,4.88,9.5
Sep-2002,5.09,9.75,0.26,0.53,5.35,10.28
Oct-2002,4.96,9.55,0.29,0.57,5.25,10.13
Nov-2002,4.88,9.4,0.3,0.59,5.17,10
Dec-2002,3.37,6.63,12.09,23.84,15.46,30.47
Jan-2003,3.38,6.6,15.93,31.1,19.31,37.7
Feb-2003,3.74,7.33,0.85,1.65,4.59,8.99
Mar-2003,3.6,7.02,1.36,2.59,4.95,9.61
Apr-2003,2.99,5.87,3.09,6.11,6.09,11.98
May-2003,2.94,5.76,7.21,14.35,10.15,20.11
Jun-2003,4.44,8.64,0.27,0.54,4.71,9.19
Jul-2003,3.28,6.38,1.2,2.31,4.48,8.69
Aug-2003,3.97,7.74,0.36,0.72,4.33,8.46
Sep-2003,3.5,6.83,0.69,1.32,4.19,8.16
