Time,Bank_00,Chan_00,Totl_00,Bank_01,Chan_01,Totl_01,Bank_10,Chan_10,Totl_10,Bank_11,Chan_11,Totl_11
31-Oct-1921,1289079,106783686,108072765,675397,4031663,4707060,585404,44087373,44672777,0,1635930,1635930
30-Nov-1921,428746,95523497,95952243,0,3055892,3055892,669361,40418688,41088049,0,2155274,2155274
31-Dec-1921,0,79784365,79784365,0,4093133,4093133,645562,39208157,39853719,0,2170634,2170634
31-Jan-1922,0,75208133,75208133,0,3726062,3726062,657754,39518778,40176532,0,2298136,2298136
28-Feb-1922,0,89084723,89084723,0,4390011,4390011,663684,40849398,41513082,0,2179572,2179572
31-Mar-1922,0,74732756,74732756,0,3943496,3943496,639302,40593230,41232532,0,2181388,2181388
30-Apr-1922,708637,100538131,101246768,0,4648544,4648544,413193,39898963,40312156,0,1873742,1873742
31-May-1922,2038605,112004674,114043279,0,2941998,2941998,612949,43484507,44097455,0,1707789,1707789
30-Jun-1922,1525085,117257244,118782329,0,2950484,2950484,1240956,44465258,45706215,0,1231155,1231155
31-Jul-1922,1523175,117652050,119175225,0,3204021,3204021,1237265,44822392,46059657,0,919380,919380
31-Aug-1922,2019476,112427132,114446608,0,2315685,2315685,602800,44115907,44718707,0,1699303,1699303
30-Sep-1922,428746,91940931,92369677,0,3614097,3614097,663430,40176175,40839605,0,2196492,2196492
31-Oct-1922,386877,85553294,85940171,0,3311226,3311226,616688,41298781,41915469,0,2281637,2281637
30-Nov-1922,675164,81502026,82177189,0,3517711,3517711,303011,40576382,40879393,0,2601163,2601163
31-Dec-1922,670700,100701861,101372560,0,2963269,2963269,386572,40010690,40397261,0,2156772,2156772
31-Jan-1923,0,83648573,83648573,0,4098571,4098571,669615,38971863,39641479,0,1919269,1919269
28-Feb-1923,0,74540784,74540784,0,3865124,3865124,627111,40210396,40837507,0,2152337,2152337
31-Mar-1923,0,74011435,74011435,0,3018885,3018885,639362,40456605,41095967,0,2484246,2484246
30-Apr-1923,0,75810473,75810473,0,4111260,4111260,627111,40364797,40991908,0,2087760,2087760
31-May-1923,1769091,116262198,118031289,0,2829650,2829650,945835,44326284,45272120,0,1291661,1291661
30-Jun-1923,2034785,114794452,116829237,0,2683892,2683892,605566,43082439,43688004,0,1471084,1471084
31-Jul-1923,1375952,121321563,122697515,0,2811353,2811353,1447854,43571933,45019787,0,1011272,1011272
31-Aug-1923,1308726,109449988,110758713,675397,3291972,3967370,590696,43736101,44326797,0,1880540,1880540
30-Sep-1923,290039,76586870,76876909,0,2042346,2042346,652404,40139896,40792300,0,2672364,2672364
31-Oct-1923,420952,91464081,91885033,0,3678970,3678970,655316,40569721,41225037,0,2334314,2334314
30-Nov-1923,386877,86264412,86651289,0,3266688,3266688,622948,40810025,41432973,0,2328200,2328200
31-Dec-1923,290039,76586870,76876909,0,2042346,2042346,652404,40139896,40792300,0,2672364,2672364
31-Jan-1924,24688,68309995,68334684,0,4266693,4266693,595174,41102745,41697918,0,2406681,2406681
29-Feb-1924,0,73144044,73144044,0,3900080,3900080,627111,40310076,40937187,0,2226725,2226725
31-Mar-1924,386877,86264412,86651289,0,3266688,3266688,622948,40810025,41432973,0,2328200,2328200
30-Apr-1924,675164,79919149,80594312,0,3424567,3424567,297080,40545247,40842327,0,2686562,2686562
31-May-1924,576825,103319443,103896268,0,4337606,4337606,702038,40004072,40706110,0,2254193,2254193
30-Jun-1924,859760,105097300,105957060,0,4466180,4466180,436098,41428615,41864713,0,1820980,1820980
31-Jul-1924,729997,105038636,105768633,666813,4007232,4674046,568903,43546118,44115020,0,1929479,1929479
31-Aug-1924,558912,97787451,98346363,0,2916475,2916475,676770,39334606,40011376,0,2476655,2476655
30-Sep-1924,675164,77579277,78254441,0,2520029,2520029,290820,39556017,39846837,0,2420844,2420844
31-Oct-1924,24688,69706735,69731423,0,4231736,4231736,595174,41003065,41598238,0,2332293,2332293
30-Nov-1924,24688,72450182,72474870,0,4071556,4071556,595174,40527858,41123031,0,2242395,2242395
31-Dec-1924,0,74512606,74512606,0,3915349,3915349,633371,40573409,41206780,0,2219005,2219005
31-Jan-1925,0,71862433,71862433,0,4067388,4067388,633371,40387848,41021219,0,2027633,2027633
28-Feb-1925,283243,114244529,114527772,107733,4460842,4568575,621005,37904813,38525819,299620,1663284,1962904
31-Mar-1925,0,74506770,74506770,0,3965078,3965078,627111,40321390,40948501,0,2178943,2178943
30-Apr-1925,0,82838712,82838712,0,5720899,5720899,633371,39355012,39988383,0,1844308,1844308
31-May-1925,435371,99503992,99939363,0,4556646,4556646,682701,39009615,39692316,0,2155291,2155291
30-Jun-1925,2000950,113163631,115164581,0,2920915,2920915,597508,43294222,43891730,0,1634602,1634602
31-Jul-1925,1003380,125435563,126438943,0,2775457,2775457,1837517,40640257,42477774,0,1394430,1394430
31-Aug-1925,998173,106169031,107167204,666813,4396650,5063464,578809,43557137,44135946,0,1628993,1628993
30-Sep-1925,411599,84727980,85139579,0,3502126,3502126,633622,41541655,42175278,0,2276771,2276771
31-Oct-1925,386877,84249591,84636468,0,3165044,3165044,616688,41255374,41872062,0,2372820,2372820
30-Nov-1925,675164,81502026,82177189,0,3517711,3517711,303011,40576382,40879393,0,2601163,2601163
31-Dec-1925,24688,71162736,71187424,0,4288593,4288593,595174,40353611,40948784,0,2003241,2003241
31-Jan-1926,0,77892345,77892345,0,4249143,4249143,633371,39931883,40565255,0,2203138,2203138
28-Feb-1926,57486,99458907,99516394,0,3961641,3961641,669615,39654789,40324405,0,1681160,1681160
31-Mar-1926,428746,98035610,98464356,0,5055038,5055038,681223,39864364,40545587,0,1855781,1855781
30-Apr-1926,0,80701091,80701091,0,3842713,3842713,633371,39961090,40594461,0,2090330,2090330
31-May-1926,2000950,114661486,116662436,0,2809416,2809416,597508,42909694,43507202,0,1570857,1570857
30-Jun-1926,2034785,114794452,116829237,0,2683892,2683892,605566,43082439,43688004,0,1471084,1471084
31-Jul-1926,1769091,116821978,118591069,0,3078365,3078365,945835,44604845,45550680,0,1024612,1024612
31-Aug-1926,558912,97787451,98346363,0,2916475,2916475,676770,39334606,40011376,0,2476655,2476655
30-Sep-1926,20563,69862556,69883119,0,3062448,3062448,605290,41654599,42259889,0,2880790,2880790
31-Oct-1926,290039,76586870,76876909,0,2042346,2042346,652404,40139896,40792300,0,2672364,2672364
30-Nov-1926,0,78622094,78622094,0,4603906,4603906,632521,39508146,40140667,0,2156377,2156377
31-Dec-1926,691490,109542129,110233619,22727,3549685,3572413,395906,39612878,40008784,0,2024048,2024048
31-Jan-1927,907973,117368217,118276190,0,3093867,3093867,443186,38970255,39413440,0,2006735,2006735
28-Feb-1927,5013122,205425493,210438615,10578260,1959934,12538193,10757265,26836873,37594139,5219386,507763,5727150
31-Mar-1927,290039,94936676,95226715,0,2235863,2235863,694908,40835531,41530439,0,2530938,2530938
30-Apr-1927,2079420,129361102,131440521,34383,3813681,3848064,736142,40762932,41499073,0,1156558,1156558
31-May-1927,568327,102001041,102569369,0,3809793,3809793,695688,42448996,43144683,0,2457352,2457352
30-Jun-1927,1287169,107576379,108863548,675397,3889423,4564820,581712,43918595,44500307,0,1778811,1778811
31-Jul-1927,1325562,138295707,139621268,7551,3224532,3232083,1833157,39254508,41087665,0,936106,936106
31-Aug-1927,1521153,117497886,119019039,0,3184012,3184012,1233356,44865713,46099069,0,919380,919380
30-Sep-1927,729997,105038636,105768633,666813,4007232,4674046,568903,43546118,44115020,0,1929479,1929479
31-Oct-1927,411599,86742801,87154400,0,3603769,3603769,639883,41096306,41736189,0,2232151,2232151
30-Nov-1927,0,76036459,76036459,0,4089678,4089678,639302,40636637,41275939,0,2090204,2090204
31-Dec-1927,0,77892345,77892345,0,4249143,4249143,633371,39931883,40565255,0,2203138,2203138
31-Jan-1928,0,81507292,81507292,0,4002262,4002262,657754,38752030,39409784,0,2098621,2098621
29-Feb-1928,0,86954324,86954324,0,4516998,4516998,651823,41313419,41965241,0,2159549,2159549
31-Mar-1928,1448822,167143847,168592669,663497,2346188,3009685,3443882,36866582,40310464,907609,779612,1687221
30-Apr-1928,0,86975333,86975333,0,3472435,3472435,651553,42611664,43263217,0,2651474,2651474
31-May-1928,2056748,116808861,118865609,0,2961186,2961186,617888,43840684,44458572,0,1029742,1029742
30-Jun-1928,1005177,127457355,128462532,10695,3037468,3048164,1840991,39362132,41203124,0,1460995,1460995
31-Jul-1928,1325562,138295707,139621268,7551,3224532,3232083,1833157,39254508,41087665,0,936106,936106
31-Aug-1928,1005177,127457355,128462532,10695,3037468,3048164,1840991,39362132,41203124,0,1460995,1460995
30-Sep-1928,2070147,115830844,117900991,0,2835880,2835880,616823,43929458,44546282,0,1421062,1421062
31-Oct-1928,568327,101985006,102553333,0,4922075,4922075,695688,39399420,40095107,0,2173508,2173508
30-Nov-1928,0,78859717,78859717,0,2734700,2734700,639362,40868305,41507667,0,2584434,2584434
31-Dec-1928,0,73144044,73144044,0,3900080,3900080,627111,40310076,40937187,0,2226725,2226725
31-Jan-1929,0,71856598,71856598,0,4117117,4117117,627111,40135829,40762940,0,1987571,1987571
28-Feb-1929,24688,80001394,80026082,0,4063918,4063918,595174,39926853,40522027,0,2065938,2065938
31-Mar-1929,290039,79242878,79532917,0,1840578,1840578,658664,40577475,41236139,0,2903798,2903798
30-Apr-1929,0,77556014,77556014,0,2588518,2588518,639362,40824898,41464260,0,2675618,2675618
31-May-1929,1289079,107819991,109109069,675397,3923867,4599264,585404,44055967,44641371,0,1785748,1785748
30-Jun-1929,576825,104044771,104621596,0,3267023,3267023,702038,42951533,43653571,0,2452484,2452484
31-Jul-1929,859760,104951077,105810838,0,3758245,3758245,436098,43335419,43771517,0,2004458,2004458
31-Aug-1929,435371,95666459,96101830,0,2918623,2918623,676770,39636400,40313170,0,2435088,2435088
30-Sep-1929,24688,70464833,70489521,0,3168461,3168461,607425,41423521,42030946,0,2903355,2903355
31-Oct-1929,386877,85553294,85940171,0,3311226,3311226,616688,41298781,41915469,0,2281637,2281637
30-Nov-1929,411599,86742801,87154400,0,3603769,3603769,639883,41096306,41736189,0,2232151,2232151
31-Dec-1929,670700,100465142,101135841,0,3168689,3168689,386572,40834514,41221086,0,2354094,2354094
31-Jan-1930,0,88297846,88297846,0,4256690,4256690,681866,39724883,40406749,0,2333674,2333674
28-Feb-1930,0,83769981,83769981,0,5704507,5704507,645562,38886077,39531639,0,1853253,1853253
31-Mar-1930,0,83784191,83784191,0,4678463,4678463,639302,42322294,42961596,0,2004981,2004981
30-Apr-1930,24688,69828783,69853471,0,4248287,4248287,595174,40755364,41350537,0,1981702,1981702
31-May-1930,411599,91627583,92039182,0,3384951,3384951,639883,40440581,41080463,0,2194660,2194660
30-Jun-1930,859760,104951077,105810838,0,3758245,3758245,436098,43335419,43771517,0,2004458,2004458
31-Jul-1930,1308726,111186674,112495400,675397,2810483,3485880,590696,43562465,44153161,0,1859589,1859589
31-Aug-1930,558912,97787451,98346363,0,2916475,2916475,676770,39334606,40011376,0,2476655,2476655
30-Sep-1930,24688,70464833,70489521,0,3168461,3168461,607425,41423521,42030946,0,2903355,2903355
31-Oct-1930,290039,76586870,76876909,0,2042346,2042346,652404,40139896,40792300,0,2672364,2672364
30-Nov-1930,0,74905841,74905841,0,2740557,2740557,639362,40639337,41278699,0,2484246,2484246
31-Dec-1930,20563,65997209,66017772,0,4010134,4010134,593039,41463459,42056498,0,2501117,2501117
31-Jan-1931,0,77892345,77892345,0,4249143,4249143,633371,39931883,40565255,0,2203138,2203138
28-Feb-1931,0,77556014,77556014,0,2588518,2588518,639362,40824898,41464260,0,2675618,2675618
31-Mar-1931,0,74911677,74911677,0,2690828,2690828,645622,40891355,41536977,0,2524308,2524308
30-Apr-1931,411599,86742801,87154400,0,3603769,3603769,639883,41096306,41736189,0,2232151,2232151
31-May-1931,568327,101349081,101917408,0,4803091,4803091,689757,39263330,39953087,0,2255699,2255699
30-Jun-1931,568327,101275713,101844040,0,4880376,4880376,695688,39501534,40197222,0,2259061,2259061
31-Jul-1931,1287169,106540075,107827244,675397,3997218,4672616,581712,43950001,44531713,0,1628993,1628993
31-Aug-1931,565147,99341221,99906368,0,2978988,2978988,689757,39072209,39761966,0,2490701,2490701
30-Sep-1931,314728,73040267,73354995,0,2191922,2191922,620467,41106812,41727278,0,3091473,3091473
31-Oct-1931,386877,84249591,84636468,0,3165044,3165044,616688,41255374,41872062,0,2372820,2372820
30-Nov-1931,0,74905841,74905841,0,2740557,2740557,639362,40639337,41278699,0,2484246,2484246
31-Dec-1931,0,89120066,89120066,0,4306772,4306772,651823,41235051,41886873,0,1836708,1836708
31-Jan-1932,0,82759345,82759345,0,3718424,3718424,657754,38917774,39575528,0,2121679,2121679
29-Feb-1932,0,72546737,72546737,0,4068723,4068723,627111,40096845,40723955,0,2110385,2110385
31-Mar-1932,0,69003857,69003857,0,4095216,4095216,627111,40884963,41512074,0,2391011,2391011
30-Apr-1932,20563,67707719,67728281,0,4160680,4160680,593039,41333823,41926862,0,2384116,2384116
31-May-1932,411599,88818838,89230436,0,3791381,3791381,639883,40411374,41051257,0,2307467,2307467
30-Jun-1932,558912,98235310,98794222,0,2960149,2960149,682701,39148156,39830856,0,2419823,2419823
31-Jul-1932,568327,101349081,101917408,0,4803091,4803091,689757,39263330,39953087,0,2255699,2255699
31-Aug-1932,428746,91940931,92369677,0,3614097,3614097,663430,40176175,40839605,0,2196492,2196492
30-Sep-1932,24688,70464833,70489521,0,3168461,3168461,607425,41423521,42030946,0,2903355,2903355
31-Oct-1932,24688,70464833,70489521,0,3168461,3168461,607425,41423521,42030946,0,2903355,2903355
30-Nov-1932,24688,70464833,70489521,0,3168461,3168461,607425,41423521,42030946,0,2903355,2903355
31-Dec-1932,20563,70560459,70581022,0,4182581,4182581,593039,40584689,41177728,0,1980676,1980676
31-Jan-1933,24688,77192648,77217336,0,4470348,4470348,595174,39897647,40492820,0,2178745,2178745
28-Feb-1933,20563,71847906,71868468,0,3965544,3965544,593039,40758935,41351975,0,2219829,2219829
31-Mar-1933,0,79163029,79163029,0,4364607,4364607,626260,40162646,40788907,0,2132872,2132872
30-Apr-1933,20563,66336308,66356871,0,4135277,4135277,593039,41674271,42267310,0,2472556,2472556
31-May-1933,1291101,109860626,111151727,675397,3341218,4016615,589313,43817517,44406830,0,1768029,1768029
30-Jun-1933,854694,104825443,105680137,0,3981198,3981198,430100,40651088,41081188,0,2272367,2272367
31-Jul-1933,573783,102669224,103243007,0,4843454,4843454,702038,39523555,40225594,0,2307291,2307291
31-Aug-1933,435371,95666459,96101830,0,2918623,2918623,676770,39636400,40313170,0,2435088,2435088
30-Sep-1933,24688,70464833,70489521,0,3168461,3168461,607425,41423521,42030946,0,2903355,2903355
31-Oct-1933,386877,84249591,84636468,0,3165044,3165044,616688,41255374,41872062,0,2372820,2372820
30-Nov-1933,675164,82103412,82778576,0,2830773,2830773,297080,41029475,41326555,0,2662631,2662631
31-Dec-1933,0,78853096,78853096,0,4109525,4109525,633371,39677092,40310463,0,2161688,2161688
31-Jan-1934,0,81632360,81632360,0,3826321,3826321,645562,39492155,40137717,0,2099276,2099276
28-Feb-1934,0,85924818,85924818,0,4606275,4606275,657814,39206852,39864666,0,2349928,2349928
31-Mar-1934,0,73144044,73144044,0,3900080,3900080,627111,40310076,40937187,0,2226725,2226725
30-Apr-1934,20563,70560459,70581022,0,4182581,4182581,593039,40584689,41177728,0,1980676,1980676
31-May-1934,732020,107071461,107803480,666813,3849351,4516164,572811,42902295,43475106,0,2079083,2079083
30-Jun-1934,1287169,107576379,108863548,675397,3889423,4564820,581712,43918595,44500307,0,1778811,1778811
31-Jul-1934,565147,98893361,99458509,0,2935313,2935313,683826,39258659,39942485,0,2547534,2547534
31-Aug-1934,420952,90986969,91407921,0,3704447,3704447,649056,40020113,40669169,0,2366140,2366140
30-Sep-1934,24688,70464833,70489521,0,3168461,3168461,607425,41423521,42030946,0,2903355,2903355
31-Oct-1934,675164,82103412,82778576,0,2830773,2830773,297080,41029475,41326555,0,2662631,2662631
30-Nov-1934,0,80839942,80839942,0,4141323,4141323,627111,39443648,40070758,0,1952822,1952822
31-Dec-1934,24688,71852875,71877563,0,4240200,4240200,595174,40314626,40909800,0,2126054,2126054
31-Jan-1935,279891,96572540,96852431,0,4225008,4225008,401586,39202624,39604210,0,2012781,2012781
28-Feb-1935,0,78853096,78853096,0,4109525,4109525,633371,39677092,40310463,0,2161688,2161688
31-Mar-1935,0,84641532,84641532,0,5341859,5341859,645562,39926733,40572296,0,1868067,1868067
30-Apr-1935,0,93806995,93806995,0,3794596,3794596,657754,40095700,40753454,0,1951748,1951748
31-May-1935,675164,84881765,85556929,0,3851505,3851505,303011,39934857,40237868,0,2585295,2585295
30-Jun-1935,859760,105097300,105957060,0,4466180,4466180,436098,41428615,41864713,0,1820980,1820980
31-Jul-1935,1308726,109449988,110758713,675397,3291972,3967370,590696,43736101,44326797,0,1880540,1880540
31-Aug-1935,573783,102742591,103316375,0,4766169,4766169,696107,39285351,39981458,0,2303930,2303930
30-Sep-1935,314728,72145861,72460589,0,2470249,2470249,620467,40924080,41544547,0,3091473,3091473
31-Oct-1935,24688,70464833,70489521,0,3168461,3168461,607425,41423521,42030946,0,2903355,2903355
30-Nov-1935,24688,71359239,71383927,0,2890133,2890133,607425,41606252,42213677,0,2903355,2903355
31-Dec-1935,20563,70560459,70581022,0,4182581,4182581,593039,40584689,41177728,0,1980676,1980676
31-Jan-1936,293372,100682682,100976054,22727,4280653,4303380,427644,38144841,38572485,0,1686826,1686826
29-Feb-1936,2057217,135926271,137983488,376581,3525965,3902546,783228,38602349,39385576,66733,1188312,1255045
31-Mar-1936,0,74512606,74512606,0,3915349,3915349,633371,40573409,41206780,0,2219005,2219005
30-Apr-1936,0,74506770,74506770,0,3965078,3965078,627111,40321390,40948501,0,2178943,2178943
31-May-1936,428746,97661119,98089864,0,4934079,4934079,669361,39812609,40481970,0,1909251,1909251
30-Jun-1936,558912,101244482,101803394,0,4475687,4475687,682701,39582734,40265435,0,2188614,2188614
31-Jul-1936,1142424,122081526,123223950,0,2536907,2536907,1661588,43451315,45112903,0,1458626,1458626
31-Aug-1936,576825,104190994,104767819,0,3974958,3974958,702038,41044729,41746767,0,2269006,2269006
30-Sep-1936,420952,90986969,91407921,0,3704447,3704447,649056,40020113,40669169,0,2366140,2366140
31-Oct-1936,314728,75893008,76207735,0,2213823,2213823,620467,40357678,40978144,0,2688033,2688033
30-Nov-1936,411599,86742801,87154400,0,3603769,3603769,639883,41096306,41736189,0,2232151,2232151
31-Dec-1936,24688,75499426,75524114,0,2694997,2694997,607425,41031365,41638790,0,2739069,2739069
31-Jan-1937,20563,70560459,70581022,0,4182581,4182581,593039,40584689,41177728,0,1980676,1980676
28-Feb-1937,0,89622179,89622179,0,4430935,4430935,633371,41787195,42420566,0,1673291,1673291
31-Mar-1937,0,95669480,95669480,10695,4272210,4282905,663684,39601500,40265185,0,2016741,2016741
30-Apr-1937,0,78112496,78112496,0,4277290,4277290,639302,39951704,40591006,0,2165520,2165520
31-May-1937,428746,95909382,96338128,0,3134244,3134244,675292,39563590,40238882,0,2089762,2089762
30-Jun-1937,2000950,113163631,115164581,0,2920915,2920915,597508,43294222,43891730,0,1634602,1634602
31-Jul-1937,1269270,133646230,134915500,0,2439091,2439091,1759503,39842254,41601757,0,964495,964495
31-Aug-1937,998173,106169031,107167204,666813,4396650,5063464,578809,43557137,44135946,0,1628993,1628993
30-Sep-1937,675164,78866723,79541887,0,2302992,2302992,290820,39730264,40021084,0,2659998,2659998
31-Oct-1937,0,76193288,76193288,0,2523520,2523520,639362,40813583,41452946,0,2723399,2723399
30-Nov-1937,666768,106406701,107073469,10695,3186540,3197235,378972,38539674,38918646,0,2294095,2294095
31-Dec-1937,1607555,171586361,173193916,1428367,2207546,3635912,4078127,34574529,38652656,1119978,970971,2090949
31-Jan-1938,290039,91836730,92126769,0,2387135,2387135,688977,41045367,41734345,0,2851726,2851726
28-Feb-1938,7190528,214940081,222130609,10536579,1625906,12162485,22917981,25271559,48189540,4249681,467504,4717185
31-Mar-1938,10128033,221464097,231592129,4741173,2163148,6904321,31126429,24953372,56079800,8320657,0,8320657
30-Apr-1938,1016721,139623942,140640663,379257,3304924,3684181,1983518,36564585,38548103,0,878429,878429
31-May-1938,411599,90320314,90731913,0,3804444,3804444,663936,39888748,40552683,0,2276400,2276400
30-Jun-1938,733929,107315072,108049001,666813,3883796,4550609,576503,43039666,43616169,0,2086020,2086020
31-Jul-1938,2056748,116249081,118305829,0,2712471,2712471,617888,43562124,44180011,0,1296791,1296791
31-Aug-1938,2019476,112427132,114446608,0,2315685,2315685,602800,44115907,44718707,0,1699303,1699303
30-Sep-1938,558912,98235310,98794222,0,2960149,2960149,682701,39148156,39830856,0,2419823,2419823
31-Oct-1938,562092,100169802,100731894,0,4861538,4861538,688632,39577481,40266113,0,2188182,2188182
30-Nov-1938,411599,91977394,92388992,0,3500527,3500527,646143,40078464,40724607,0,2140065,2140065
31-Dec-1938,411599,93941293,94352892,0,3099592,3099592,652074,39788866,40440940,0,2226032,2226032
31-Jan-1939,290039,79463028,79753068,0,1868725,1868725,664595,40597296,41261891,0,2866180,2866180
28-Feb-1939,24688,71162736,71187424,0,4288593,4288593,595174,40353611,40948784,0,2003241,2003241
31-Mar-1939,0,71862433,71862433,0,4067388,4067388,633371,40387848,41021219,0,2027633,2027633
30-Apr-1939,1289079,107819991,109109069,675397,3923867,4599264,585404,44055967,44641371,0,1785748,1785748
31-May-1939,2072057,116009091,118081148,0,2840614,2840614,620515,43935134,44555649,0,1371770,1371770
30-Jun-1939,1005177,126206904,127212082,0,2723315,2723315,1840991,40018071,41859063,0,1398995,1398995
31-Jul-1939,1003380,125435563,126438943,0,2775457,2775457,1837517,40640257,42477774,0,1394430,1394430
31-Aug-1939,1306816,108170072,109476888,675397,3365324,4040721,587004,43630136,44217140,0,1723785,1723785
30-Sep-1939,386877,81507962,81894838,0,3390033,3390033,610757,39795207,40405964,0,2513781,2513781
31-Oct-1939,290039,76586870,76876909,0,2042346,2042346,652404,40139896,40792300,0,2672364,2672364
30-Nov-1939,420952,91464081,91885033,0,3678970,3678970,655316,40569721,41225037,0,2334314,2334314
31-Dec-1939,24688,72450182,72474870,0,4071556,4071556,595174,40527858,41123031,0,2242395,2242395
31-Jan-1940,295005,100834389,101129395,22727,4290037,4312765,429924,38086193,38516116,0,1686826,1686826
29-Feb-1940,3792198,201283737,205075935,6085727,2424550,8510277,9075026,27367084,36442110,5746951,456172,6203123
31-Mar-1940,2887550,176266476,179154026,1352299,2425058,3777357,4244346,33439755,37684102,1060010,811009,1871019
30-Apr-1940,0,84965621,84965621,0,4035628,4035628,633371,42437879,43071250,0,2259906,2259906
31-May-1940,558912,101171114,101730026,0,4552973,4552973,688632,39820939,40509570,0,2191975,2191975
30-Jun-1940,2021386,114069049,116090435,0,2593433,2593433,606492,43789852,44396344,0,1357952,1357952
31-Jul-1940,1314198,137028769,138342967,1213,2737654,2738867,1833157,40050154,41883310,0,971679,971679
31-Aug-1940,1005177,126206904,127212082,0,2723315,2723315,1840991,40018071,41859063,0,1398995,1398995
30-Sep-1940,1289079,107819991,109109069,675397,3923867,4599264,585404,44055967,44641371,0,1785748,1785748
31-Oct-1940,428746,94271444,94700190,0,3339730,3339730,669361,40252944,40922305,0,2132216,2132216
30-Nov-1940,0,76193288,76193288,0,2523520,2523520,639362,40813583,41452946,0,2723399,2723399
31-Dec-1940,970169,113956630,114926799,34383,3951407,3985791,184541,37684294,37868835,0,1881244,1881244
31-Jan-1941,3307676,188612579,191920254,5661750,2236553,7898304,7626883,32590628,40217511,2504257,581199,3085456
28-Feb-1941,4394230,186971694,191365924,3705583,1820408,5525992,5795332,32845208,38640540,2304188,467504,2771692
31-Mar-1941,1377310,156414047,157791358,768914,2775345,3544259,3083698,38189021,41272719,69367,756444,825812
30-Apr-1941,1265810,152280432,153546242,452971,2402094,2855065,2633234,37521211,40154444,264418,1000685,1265103
31-May-1941,739771,114510792,115250563,666813,3479690,4146503,587794,42042426,42630221,0,1406457,1406457
30-Jun-1941,856716,105675741,106532457,0,3223177,3223177,434009,41945476,42379485,0,2455632,2455632
31-Jul-1941,1292513,135095861,136388374,693,2412189,2412882,1804982,40357924,42162906,0,921768,921768
31-Aug-1941,2054838,114572979,116627817,0,2819237,2819237,614196,43940975,44555172,0,1409828,1409828
30-Sep-1941,573783,102669224,103243007,0,4843454,4843454,702038,39523555,40225594,0,2307291,2307291
31-Oct-1941,411599,86742801,87154400,0,3603769,3603769,639883,41096306,41736189,0,2232151,2232151
30-Nov-1941,420952,94984674,95405625,0,3155442,3155442,661247,40143587,40804833,0,2284416,2284416
31-Dec-1941,1608254,163774416,165382670,356904,2266867,2623771,3163436,37414948,40578384,688419,862413,1550832
31-Jan-1942,1390392,165543729,166934122,484218,2140277,2624495,3426117,36733227,40159344,1048492,1045271,2093763
28-Feb-1942,3790236,200999831,204790067,6421909,2351425,8773334,9047426,27474683,36522109,5354415,553501,5907917
31-Mar-1942,290039,83553886,83843925,0,2157980,2157980,670855,39467015,40137870,0,2896876,2896876
30-Apr-1942,290039,95983266,96273305,0,3407166,3407166,694908,41398495,42093403,0,2517441,2517441
31-May-1942,739771,111175871,111915642,666813,3583628,4250442,587794,42480838,43068632,0,1677658,1677658
30-Jun-1942,846196,102635490,103481687,0,3816033,3816033,423750,42055355,42479105,0,2460714,2460714
31-Jul-1942,1011428,127674560,128685988,10695,3053941,3064636,1859143,39540494,41399637,0,1454695,1454695
31-Aug-1942,2054838,114572979,116627817,0,2819237,2819237,614196,43940975,44555172,0,1409828,1409828
30-Sep-1942,565147,99341221,99906368,0,2978988,2978988,689757,39072209,39761966,0,2490701,2490701
31-Oct-1942,411599,86742801,87154400,0,3603769,3603769,639883,41096306,41736189,0,2232151,2232151
30-Nov-1942,386877,88755587,89142464,0,3463500,3463500,629209,40006053,40635262,0,2363010,2363010
31-Dec-1942,855192,111041530,111896722,0,2931141,2931141,435258,41195041,41630300,0,1902033,1902033
31-Jan-1943,1401678,161731765,163133443,325452,2879198,3204650,3537750,37873656,41411406,604701,483547,1088248
28-Feb-1943,1080619,120926933,122007552,675397,3045033,3720430,601772,41173855,41775627,0,1359591,1359591
31-Mar-1943,783192,140633825,141417017,400343,3627325,4027668,2217974,36867463,39085437,0,1186313,1186313
30-Apr-1943,0,83429550,83429550,0,2733599,2733599,657814,39829918,40487732,0,2572892,2572892
31-May-1943,853674,106061826,106915500,0,3621229,3621229,434009,41433553,41867562,0,2658548,2658548
30-Jun-1943,1289079,109556677,110845756,675397,3442378,4117775,585404,43882331,44467734,0,1764797,1764797
31-Jul-1943,1291085,135482908,136773993,693,2388572,2389265,1788142,39605353,41393495,0,904721,904721
31-Aug-1943,1523175,117652050,119175225,0,3204021,3204021,1237265,44822392,46059657,0,919380,919380
30-Sep-1943,2019476,112427132,114446608,0,2315685,2315685,602800,44115907,44718707,0,1699303,1699303
31-Oct-1943,411599,86742801,87154400,0,3603769,3603769,639883,41096306,41736189,0,2232151,2232151
30-Nov-1943,420952,93732621,94153572,0,3439280,3439280,661247,39977843,40639089,0,2261358,2261358
31-Dec-1943,0,76193288,76193288,0,2523520,2523520,639362,40813583,41452946,0,2723399,2723399
31-Jan-1944,0,73144044,73144044,0,3900080,3900080,627111,40310076,40937187,0,2226725,2226725
29-Feb-1944,0,79073246,79073246,0,4137672,4137672,639302,39696913,40336215,0,2124071,2124071
31-Mar-1944,0,75544422,75544422,0,3920706,3920706,639302,40391565,41030867,0,2142064,2142064
30-Apr-1944,675164,79919149,80594312,0,3424567,3424567,297080,40545247,40842327,0,2686562,2686562
31-May-1944,428746,94271444,94700190,0,3339730,3339730,669361,40252944,40922305,0,2132216,2132216
30-Jun-1944,2000950,111727004,113727954,0,2667983,2667983,597508,43568627,44166135,0,1937800,1937800
31-Jul-1944,1769091,116262198,118031289,0,2829650,2829650,945835,44326284,45272120,0,1291661,1291661
31-Aug-1944,1287169,106540075,107827244,675397,3997218,4672616,581712,43950001,44531713,0,1628993,1628993
30-Sep-1944,290039,76586870,76876909,0,2042346,2042346,652404,40139896,40792300,0,2672364,2672364
31-Oct-1944,675164,79919149,80594312,0,3424567,3424567,297080,40545247,40842327,0,2686562,2686562
30-Nov-1944,0,75810473,75810473,0,4111260,4111260,627111,40364797,40991908,0,2087760,2087760
31-Dec-1944,0,77892345,77892345,0,4249143,4249143,633371,39931883,40565255,0,2203138,2203138
31-Jan-1945,24688,68309995,68334684,0,4266693,4266693,595174,41102745,41697918,0,2406681,2406681
28-Feb-1945,0,93605265,93605265,0,4349788,4349788,669615,40410259,41079875,0,1430552,1430552
31-Mar-1945,0,79449038,79449038,0,4126551,4126551,633371,39795346,40428717,0,2067272,2067272
30-Apr-1945,24688,69791325,69816013,0,4263190,4263190,595174,40694059,41289232,0,2091681,2091681
31-May-1945,558912,101171114,101730026,0,4552973,4552973,688632,39820939,40509570,0,2191975,2191975
30-Jun-1945,2072057,116009091,118081148,0,2840614,2840614,620515,43935134,44555649,0,1371770,1371770
31-Jul-1945,1021660,131885211,132906871,34091,2723839,2757929,1938230,39747361,41685591,0,1318019,1318019
31-Aug-1945,2017454,110386497,112403950,0,2898334,2898334,598892,44354357,44953248,0,1717022,1717022
30-Sep-1945,386877,82329499,82716375,0,2731242,2731242,610757,40268121,40878878,0,2537632,2537632
31-Oct-1945,675164,82323563,82998726,0,2858920,2858920,303011,41049296,41352307,0,2625013,2625013
30-Nov-1945,0,77433199,77433199,0,4054722,4054722,639302,40536957,41176259,0,2015816,2015816
31-Dec-1945,4408412,187513831,191922243,3714121,1807423,5521544,5813224,32386471,38199695,2304621,581199,2885820
31-Jan-1946,815984,122059950,122875934,666813,3444429,4111242,601149,40824119,41425268,0,1626261,1626261
28-Feb-1946,0,73144044,73144044,0,3900080,3900080,627111,40310076,40937187,0,2226725,2226725
31-Mar-1946,0,73144044,73144044,0,3900080,3900080,627111,40310076,40937187,0,2226725,2226725
30-Apr-1946,386877,89975065,90361941,0,3000250,3000250,629209,38913398,39542607,0,2306557,2306557
31-May-1946,2072057,116009091,118081148,0,2840614,2840614,620515,43935134,44555649,0,1371770,1371770
30-Jun-1946,2036695,114999741,117036436,0,2708707,2708707,609257,43030789,43640046,0,1432931,1432931
31-Jul-1946,1292513,135095861,136388374,693,2412189,2412882,1804982,40357924,42162906,0,921768,921768
31-Aug-1946,1306816,108170072,109476888,675397,3365324,4040721,587004,43630136,44217140,0,1723785,1723785
30-Sep-1946,420952,89326071,89747022,0,3526035,3526035,655316,40586006,41241322,0,2250319,2250319
31-Oct-1946,675164,79919149,80594312,0,3424567,3424567,297080,40545247,40842327,0,2686562,2686562
30-Nov-1946,290039,79242878,79532917,0,1840578,1840578,658664,40577475,41236139,0,2903798,2903798
31-Dec-1946,0,73144044,73144044,0,3900080,3900080,627111,40310076,40937187,0,2226725,2226725
31-Jan-1947,20563,65997209,66017772,0,4010134,4010134,593039,41463459,42056498,0,2501117,2501117
28-Feb-1947,0,75816309,75816309,0,4061531,4061531,633371,40616816,41250187,0,2127822,2127822
31-Mar-1947,0,79669188,79669188,0,4154698,4154698,639302,39815167,40454469,0,2029654,2029654
30-Apr-1947,0,73144044,73144044,0,3900080,3900080,627111,40310076,40937187,0,2226725,2226725
31-May-1947,2000950,111727004,113727954,0,2667983,2667983,597508,43568627,44166135,0,1937800,1937800
30-Jun-1947,1519657,118878898,120398556,0,2794454,2794454,1218428,44036514,45254942,0,1084205,1084205
31-Jul-1947,1523175,117652050,119175225,0,3204021,3204021,1237265,44822392,46059657,0,919380,919380
31-Aug-1947,565147,99341221,99906368,0,2978988,2978988,689757,39072209,39761966,0,2490701,2490701
30-Sep-1947,675164,77579277,78254441,0,2520029,2520029,290820,39556017,39846837,0,2420844,2420844
31-Oct-1947,0,76193288,76193288,0,2523520,2523520,639362,40813583,41452946,0,2723399,2723399
30-Nov-1947,0,75595980,75595980,0,2692164,2692164,639362,40600352,41239714,0,2607059,2607059
31-Dec-1947,0,74905841,74905841,0,2740557,2740557,639362,40639337,41278699,0,2484246,2484246
31-Jan-1948,0,80921241,80921241,0,3870860,3870860,639302,39980911,40620213,0,2052713,2052713
29-Feb-1948,675164,82323563,82998726,0,2858920,2858920,303011,41049296,41352307,0,2625013,2625013
31-Mar-1948,0,83058862,83058862,0,5749046,5749046,639302,39374833,40014135,0,1806690,1806690
30-Apr-1948,748669,128387593,129136262,714595,3415781,4130377,715709,38716112,39431821,0,1623324,1623324
31-May-1948,2126971,124143741,126270712,0,2817203,2817203,635462,42563602,43199064,0,1117448,1117448
30-Jun-1948,435371,100155953,100591324,0,3563348,3563348,688632,42195281,42883913,0,2356944,2356944
31-Jul-1948,1005177,127457355,128462532,10695,3037468,3048164,1840991,39362132,41203124,0,1460995,1460995
31-Aug-1948,1308726,111186674,112495400,675397,2810483,3485880,590696,43562465,44153161,0,1859589,1859589
30-Sep-1948,386877,82870688,83257565,0,3455031,3455031,610757,39806521,40417278,0,2466000,2466000
31-Oct-1948,411599,86742801,87154400,0,3603769,3603769,639883,41096306,41736189,0,2232151,2232151
30-Nov-1948,675164,82323563,82998726,0,2858920,2858920,303011,41049296,41352307,0,2625013,2625013
31-Dec-1948,24688,72450182,72474870,0,4071556,4071556,595174,40527858,41123031,0,2242395,2242395
31-Jan-1949,20563,67707719,67728281,0,4160680,4160680,593039,41333823,41926862,0,2384116,2384116
28-Feb-1949,24688,73812909,73837597,0,4136554,4136554,595174,40539172,41134345,0,2194613,2194613
31-Mar-1949,1367166,154635011,156002177,718381,2503143,3221523,2999937,38059561,41059498,69367,1035434,1104801
30-Apr-1949,24688,69791325,69816013,0,4263190,4263190,595174,40694059,41289232,0,2091681,2091681
31-May-1949,856716,105675741,106532457,0,3223177,3223177,434009,41945476,42379485,0,2455632,2455632
30-Jun-1949,1998928,111423055,113421983,0,2769143,2769143,593600,43633440,44227040,0,1934568,1934568
31-Jul-1949,1523175,117652050,119175225,0,3204021,3204021,1237265,44822392,46059657,0,919380,919380
31-Aug-1949,1306816,109206376,110513192,675397,3257528,3932925,587004,43598730,44185734,0,1873603,1873603
30-Sep-1949,675164,79913313,80588477,0,3474295,3474295,290820,40293229,40584049,0,2646500,2646500
31-Oct-1949,386877,83912376,84299252,0,2824386,2824386,616688,40299256,40915944,0,2452232,2452232
30-Nov-1949,675164,82323563,82998726,0,2858920,2858920,303011,41049296,41352307,0,2625013,2625013
31-Dec-1949,24688,69706735,69731423,0,4231736,4231736,595174,41003065,41598238,0,2332293,2332293
31-Jan-1950,0,77791618,77791618,0,4339204,4339204,626260,40503094,41129355,0,2221312,2221312
28-Feb-1950,277869,92338708,92616577,0,4205373,4205373,397677,40053295,40450973,0,1785763,1785763
31-Mar-1950,0,78112496,78112496,0,4277290,4277290,639302,39951704,40591006,0,2165520,2165520
30-Apr-1950,420952,97508180,97929132,0,5111981,5111981,667178,38682411,39349588,0,1972881,1972881
31-May-1950,732020,107071461,107803480,666813,3849351,4516164,572811,42902295,43475106,0,2079083,2079083
30-Jun-1950,854694,104679220,105533914,0,3273263,3273263,430100,42557893,42987993,0,2455846,2455846
31-Jul-1950,1011428,128407097,129418525,10695,3055988,3066683,1875375,39577166,41452541,0,1379716,1379716
31-Aug-1950,1308726,109449988,110758713,675397,3291972,3967370,590696,43736101,44326797,0,1880540,1880540
30-Sep-1950,675164,79913313,80588477,0,3474295,3474295,290820,40293229,40584049,0,2646500,2646500
31-Oct-1950,386877,88003233,88390110,0,3113642,3113642,622948,39168975,39791923,0,2482928,2482928
30-Nov-1950,2024011,120186706,122210717,10695,3119789,3130484,615257,41375533,41990789,0,1840819,1840819
31-Dec-1950,1444787,152778913,154223699,430714,2743353,3174067,2368592,38269551,40638144,363021,549777,912798
31-Jan-1951,1998306,129729773,131728079,47782,3459118,3506900,732291,39457200,40189491,0,1365786,1365786
28-Feb-1951,1152359,163724439,164876798,687106,1702557,2389664,3096021,36797551,39893573,1092874,1288757,2381631
31-Mar-1951,290039,87292507,87582546,0,2019938,2019938,677116,39379517,40056633,0,2594623,2594623
30-Apr-1951,675164,81502026,82177189,0,3517711,3517711,303011,40576382,40879393,0,2601163,2601163
31-May-1951,420952,94922700,95343651,0,3190120,3190120,661247,39474939,40136186,0,2275736,2275736
30-Jun-1951,1139296,120243311,121382607,0,3079743,3079743,1643836,43641578,45285414,0,948720,948720
31-Jul-1951,1312769,136762046,138074816,1213,2730836,2732049,1831564,40237832,42069396,0,969222,969222
31-Aug-1951,1523175,117652050,119175225,0,3204021,3204021,1237265,44822392,46059657,0,919380,919380
30-Sep-1951,859760,105097300,105957060,0,4466180,4466180,436098,41428615,41864713,0,1820980,1820980
31-Oct-1951,386877,86264412,86651289,0,3266688,3266688,622948,40810025,41432973,0,2328200,2328200
30-Nov-1951,0,75903510,75903510,0,3930121,3930121,627111,40221710,40848821,0,2104555,2104555
31-Dec-1951,1957779,140584842,142542621,107733,3046488,3154221,1024649,40241575,41266224,669453,1242568,1912022
31-Jan-1952,1249098,149185802,150434900,428948,3093659,3522607,2527820,37487946,40015765,264418,835220,1099638
29-Feb-1952,1644263,176009946,177654209,1497604,2496281,3993885,4236506,33318811,37555317,1127385,692421,1819806
31-Mar-1952,1019399,142981192,144000591,392996,3880954,4273950,2027947,37046829,39074777,71068,775873,846941
30-Apr-1952,1028713,139220436,140249149,354342,3061586,3415928,2052249,37495462,39547711,0,1049596,1049596
31-May-1952,386877,89975065,90361941,0,3000250,3000250,629209,38913398,39542607,0,2306557,2306557
30-Jun-1952,420952,97508180,97929132,0,5111981,5111981,667178,38682411,39349588,0,1972881,1972881
31-Jul-1952,1310748,112927251,114237998,675397,2962256,3637653,594605,43223247,43817851,0,1559623,1559623
31-Aug-1952,1308726,111186674,112495400,675397,2810483,3485880,590696,43562465,44153161,0,1859589,1859589
30-Sep-1952,859760,104951077,105810838,0,3758245,3758245,436098,43335419,43771517,0,2004458,2004458
31-Oct-1952,568327,101275713,101844040,0,4880376,4880376,695688,39501534,40197222,0,2259061,2259061
30-Nov-1952,386877,88340449,88727326,0,3454300,3454300,622948,40125093,40748041,0,2403516,2403516
31-Dec-1952,1264965,140582468,141847433,133014,2927867,3060881,1739667,40798776,42538443,538744,1085585,1624329
31-Jan-1953,5013122,205425493,210438615,10578260,1959934,12538193,10757265,26836873,37594139,5219386,507763,5727150
28-Feb-1953,0,73149879,73149879,0,3850351,3850351,633371,40562094,41195466,0,2266787,2266787
31-Mar-1953,290039,87409222,87699261,0,2922853,2922853,670855,40059186,40730042,0,2770571,2770571
30-Apr-1953,290039,86572307,86862346,0,3215891,3215891,677116,39774403,40451519,0,2707007,2707007
31-May-1953,737861,113055259,113793121,666813,3716110,4382923,584103,42369195,42953298,0,1396156,1396156
30-Jun-1953,843016,102765251,103608268,0,3870116,3870116,423750,41258155,41681905,0,2449693,2449693
31-Jul-1953,1325562,138295707,139621268,7551,3224532,3232083,1833157,39254508,41087665,0,936106,936106
31-Aug-1953,2052928,114367690,116420618,0,2794421,2794421,610505,43992625,44603130,0,1447981,1447981
30-Sep-1953,568327,101349081,101917408,0,4803091,4803091,689757,39263330,39953087,0,2255699,2255699
31-Oct-1953,411599,86742801,87154400,0,3603769,3603769,639883,41096306,41736189,0,2232151,2232151
30-Nov-1953,839961,101529580,102369541,0,3797194,3797194,416694,42131302,42547996,0,2389835,2389835
31-Dec-1953,290039,79242878,79532917,0,1840578,1840578,658664,40577475,41236139,0,2903798,2903798
31-Jan-1954,1579524,160317777,161897301,789370,2510845,3300215,3002269,37223935,40226204,69367,796764,866132
28-Feb-1954,1445016,168120142,169565158,595099,2145491,2740591,3294778,36447063,39741841,1212111,779612,1991723
31-Mar-1954,2088008,133005495,135093502,379539,2747497,3127036,766987,40201850,40968837,0,1333369,1333369
30-Apr-1954,2165347,127363913,129529260,6338,3339267,3345606,640239,41523545,42163784,0,1316300,1316300
31-May-1954,2002860,113368921,115371781,0,2945731,2945731,601200,43242572,43843772,0,1596449,1596449
30-Jun-1954,1289079,109556677,110845756,675397,3442378,4117775,585404,43882331,44467734,0,1764797,1764797
31-Jul-1954,1314198,137028769,138342967,1213,2737654,2738867,1833157,40050154,41883310,0,971679,971679
31-Aug-1954,1523175,118929335,120452510,0,2962866,2962866,1237265,44489947,45727212,0,978972,978972
30-Sep-1954,859760,104951077,105810838,0,3758245,3758245,436098,43335419,43771517,0,2004458,2004458
31-Oct-1954,411599,86742801,87154400,0,3603769,3603769,639883,41096306,41736189,0,2232151,2232151
30-Nov-1954,0,79289085,79289085,0,4214187,4214187,633371,39832203,40465574,0,2128749,2128749
31-Dec-1954,0,83543836,83543836,0,4050552,4050552,645562,39394810,40040372,0,1875948,1875948
31-Jan-1955,0,82246026,82246026,0,3783760,3783760,645562,39655717,40301279,0,1919697,1919697
28-Feb-1955,0,73144044,73144044,0,3900080,3900080,627111,40310076,40937187,0,2226725,2226725
31-Mar-1955,675164,82805728,83480892,0,3663893,3663893,303011,40619789,40922801,0,2509979,2509979
30-Apr-1955,0,74506770,74506770,0,3965078,3965078,627111,40321390,40948501,0,2178943,2178943
31-May-1955,843016,102765251,103608268,0,3870116,3870116,423750,41258155,41681905,0,2449693,2449693
30-Jun-1955,1139296,121047648,122186943,0,2908390,2908390,1643836,43744170,45388006,0,1331878,1331878
31-Jul-1955,1140514,121112215,122252729,0,2713082,2713082,1657896,43427295,45085192,0,1030741,1030741
31-Aug-1955,729997,105038636,105768633,666813,4007232,4674046,568903,43546118,44115020,0,1929479,1929479
30-Sep-1955,314728,75893008,76207735,0,2213823,2213823,620467,40357678,40978144,0,2688033,2688033
31-Oct-1955,675164,80740686,81415849,0,2765775,2765775,297080,41018161,41315241,0,2710412,2710412
30-Nov-1955,0,77213048,77213048,0,4026575,4026575,633371,40517136,41150507,0,2053434,2053434
31-Dec-1955,3792198,201283737,205075935,6085727,2424550,8510277,9075026,27367084,36442110,5746951,456172,6203123
31-Jan-1956,9425496,217022346,226447843,8347277,2002107,10349384,28336929,26712203,55049132,4985509,250964,5236473
29-Feb-1956,5368224,184289835,189658059,3359607,2157925,5517532,3789915,32105248,35895163,923077,548068,1471145
31-Mar-1956,675164,93587592,94262756,0,3562411,3562411,333324,41766978,42100302,0,2464103,2464103
30-Apr-1956,0,76667444,76667444,0,2817117,2817117,645622,40894184,41539807,0,2715680,2715680
31-May-1956,838803,103692166,104530969,0,3693396,3693396,420602,40690279,41110882,0,2528419,2528419
30-Jun-1956,856716,105675741,106532457,0,3223177,3223177,434009,41945476,42379485,0,2455632,2455632
31-Jul-1956,1011428,129540196,130551624,22727,2918856,2941583,1875375,39485304,41360679,0,1276160,1276160
31-Aug-1956,998173,107205335,108203508,666813,4288855,4955668,578809,43525731,44104540,0,1778811,1778811
30-Sep-1956,568327,101349081,101917408,0,4803091,4803091,689757,39263330,39953087,0,2255699,2255699
31-Oct-1956,411599,88818838,89230436,0,3791381,3791381,639883,40411374,41051257,0,2307467,2307467
30-Nov-1956,558912,100372931,100931843,0,4838336,4838336,682701,38542077,39224778,0,2173800,2173800
31-Dec-1956,675164,82323563,82998726,0,2858920,2858920,303011,41049296,41352307,0,2625013,2625013
31-Jan-1957,24688,72450182,72474870,0,4071556,4071556,595174,40527858,41123031,0,2242395,2242395
28-Feb-1957,847825,109546203,110394028,0,3506071,3506071,431894,40954379,41386273,0,1856512,1856512
31-Mar-1957,2050253,129314752,131365005,22585,3222762,3245346,721989,40022758,40744747,0,1033751,1033751
30-Apr-1957,0,71772633,71772633,0,3874677,3874677,627111,40650524,41277635,0,2315165,2315165
31-May-1957,2077787,122124522,124202309,22727,2816889,2839616,631589,42491962,43123551,0,1555207,1555207
30-Jun-1957,2021386,114069049,116090435,0,2593433,2593433,606492,43789852,44396344,0,1357952,1357952
31-Jul-1957,1312769,136762046,138074816,1213,2730836,2732049,1831564,40237832,42069396,0,969222,969222
31-Aug-1957,998173,107205335,108203508,666813,4288855,4955668,578809,43525731,44104540,0,1778811,1778811
30-Sep-1957,0,75595980,75595980,0,2692164,2692164,639362,40600352,41239714,0,2607059,2607059
31-Oct-1957,735952,112290190,113026141,666813,3442579,4109392,580411,42142284,42722695,0,1701358,1701358
30-Nov-1957,830156,101300630,102130786,0,4164588,4164588,409285,41919240,42328525,0,2225761,2225761
31-Dec-1957,1888307,125929592,127817900,0,2527811,2527811,905739,42072186,42977925,0,1270529,1270529
31-Jan-1958,1135184,145213238,146348421,106561,2942359,3048921,1977117,38770459,40747577,523202,966030,1489232
28-Feb-1958,56048172,249377558,305425730,60816729,1988201,62804930,52908532,23244810,76153342,24840198,216540,25056738
31-Mar-1958,2926957,179536775,182463732,1411090,2483136,3894227,4389640,32721290,37110930,1090216,837729,1927945
30-Apr-1958,1255534,151193111,152448645,100257,2547502,2647759,2607386,37848744,40456130,264418,966095,1230513
31-May-1958,386877,88418372,88805249,0,3122842,3122842,629209,39049935,39679144,0,2442422,2442422
30-Jun-1958,411599,92754569,93166167,0,3277054,3277054,652074,39866200,40518274,0,2217063,2217063
31-Jul-1958,1525085,119898646,121423731,0,2786692,2786692,1240956,44513966,45754923,0,1406857,1406857
31-Aug-1958,998173,107205335,108203508,666813,4288855,4955668,578809,43525731,44104540,0,1778811,1778811
30-Sep-1958,1308726,111186674,112495400,675397,2810483,3485880,590696,43562465,44153161,0,1859589,1859589
31-Oct-1958,854694,104679220,105533914,0,3273263,3273263,430100,42557893,42987993,0,2455846,2455846
30-Nov-1958,428746,95523497,95952243,0,3055892,3055892,669361,40418688,41088049,0,2155274,2155274
31-Dec-1958,675164,83627265,84302429,0,3005102,3005102,303011,41092703,41395714,0,2533829,2533829
31-Jan-1959,2162490,126960448,129122939,6338,3314820,3321158,637054,41791790,42428844,0,1299253,1299253
28-Feb-1959,1600168,160626100,162226269,746405,2248921,2995326,2972055,37571479,40543534,64073,862413,926486
31-Mar-1959,0,72546737,72546737,0,4068723,4068723,627111,40096845,40723955,0,2110385,2110385
30-Apr-1959,428746,95909382,96338128,0,3134244,3134244,675292,39563590,40238882,0,2089762,2089762
31-May-1959,1289079,109556677,110845756,675397,3442378,4117775,585404,43882331,44467734,0,1764797,1764797
30-Jun-1959,771649,126162531,126934180,0,2620222,2620222,2054725,39794861,41849586,0,1463191,1463191
31-Jul-1959,1312769,136762046,138074816,1213,2730836,2732049,1831564,40237832,42069396,0,969222,969222
31-Aug-1959,2070147,115830844,117900991,0,2835880,2835880,616823,43929458,44546282,0,1421062,1421062
30-Sep-1959,675164,79919149,80594312,0,3424567,3424567,297080,40545247,40842327,0,2686562,2686562
31-Oct-1959,411599,86031683,86443281,0,3648308,3648308,633622,41585062,42218685,0,2185588,2185588
30-Nov-1959,675164,81281875,81957039,0,3489564,3489564,297080,40556561,40853642,0,2638780,2638780
31-Dec-1959,24688,69706735,69731423,0,4231736,4231736,595174,41003065,41598238,0,2332293,2332293
31-Jan-1960,24688,73812909,73837597,0,4136554,4136554,595174,40539172,41134345,0,2194613,2194613
29-Feb-1960,279891,95976631,96256522,0,3991496,3991496,401586,39489587,39891172,0,1961251,1961251
31-Mar-1960,675164,93802359,94477523,0,4113406,4113406,333324,41262658,41595982,0,2590070,2590070
30-Apr-1960,856716,106712045,107568761,0,3115381,3115381,434009,41914070,42348078,0,2605450,2605450
31-May-1960,411599,90375530,90787129,0,3668789,3668789,639883,40274837,40914719,0,2171602,2171602
30-Jun-1960,1012857,129671308,130684164,22727,2773262,2795989,1893566,40047667,41941233,0,1276160,1276160
31-Jul-1960,1003380,125435563,126438943,0,2775457,2775457,1837517,40640257,42477774,0,1394430,1394430
31-Aug-1960,859760,105097300,105957060,0,4466180,4466180,436098,41428615,41864713,0,1820980,1820980
30-Sep-1960,314728,75893008,76207735,0,2213823,2213823,620467,40357678,40978144,0,2688033,2688033
31-Oct-1960,386877,85553294,85940171,0,3311226,3311226,616688,41298781,41915469,0,2281637,2281637
30-Nov-1960,24688,72450182,72474870,0,4071556,4071556,595174,40527858,41123031,0,2242395,2242395
31-Dec-1960,847825,112223734,113071559,0,3327076,3327076,431894,40437564,40869458,0,2350794,2350794
31-Jan-1961,0,74512606,74512606,0,3915349,3915349,633371,40573409,41206780,0,2219005,2219005
28-Feb-1961,899012,143429812,144328823,53157,3768732,3821888,2144710,36995592,39140302,447639,973182,1420821
31-Mar-1961,842735,109843193,110685928,0,3391820,3391820,428202,40282672,40710874,0,2010493,2010493
30-Apr-1961,675164,85592883,86268047,0,3806967,3806967,309272,39446101,39755372,0,2631858,2631858
31-May-1961,1291101,111297253,112588354,675397,3594150,4269548,589313,43543112,44132424,0,1464831,1464831
30-Jun-1961,1005177,127457355,128462532,10695,3037468,3048164,1840991,39362132,41203124,0,1460995,1460995
31-Jul-1961,1021660,131885211,132906871,34091,2723839,2757929,1938230,39747361,41685591,0,1318019,1318019
31-Aug-1961,996151,105172510,106168661,666813,4446736,5113549,574900,44169554,44744454,0,1629207,1629207
30-Sep-1961,675164,79913313,80588477,0,3474295,3474295,290820,40293229,40584049,0,2646500,2646500
31-Oct-1961,428746,93559598,93988344,0,3456827,3456827,663430,40708285,41371715,0,2069307,2069307
30-Nov-1961,675164,84060418,84735582,0,3892481,3892481,303011,39844182,40147194,0,2519998,2519998
31-Dec-1961,290039,89640720,89930759,0,2568354,2568354,677116,41718565,42395681,0,2695832,2695832
31-Jan-1962,0,78865553,78865553,0,2684971,2684971,645622,41120323,41765946,0,2624496,2624496
28-Feb-1962,1392024,159021436,160413460,756391,2617334,3373725,3139621,37531863,40671484,69367,751678,821045
31-Mar-1962,0,85056670,85056670,0,5351059,5351059,651823,39807694,40459517,0,1827561,1827561
30-Apr-1962,0,75298882,75298882,0,2801848,2801848,639362,40630852,41270214,0,2723399,2723399
31-May-1962,1289079,109556677,110845756,675397,3442378,4117775,585404,43882331,44467734,0,1764797,1764797
30-Jun-1962,1289079,109556677,110845756,675397,3442378,4117775,585404,43882331,44467734,0,1764797,1764797
31-Jul-1962,1312769,136762046,138074816,1213,2730836,2732049,1831564,40237832,42069396,0,969222,969222
31-Aug-1962,2019476,112427132,114446608,0,2315685,2315685,602800,44115907,44718707,0,1699303,1699303
30-Sep-1962,314728,75893008,76207735,0,2213823,2213823,620467,40357678,40978144,0,2688033,2688033
31-Oct-1962,830156,103611252,104441407,0,3818338,3818338,409285,41877897,42287182,0,1928076,1928076
30-Nov-1962,290039,80509618,80799657,0,3040028,3040028,664595,41160261,41824856,0,2852682,2852682
31-Dec-1962,1989055,118918445,120907500,34091,3820770,3854860,607199,42831947,43439147,0,1362608,1362608
31-Jan-1963,0,74512606,74512606,0,3915349,3915349,633371,40573409,41206780,0,2219005,2219005
28-Feb-1963,1452085,135254201,136706286,400343,3703856,4104199,1450169,39313331,40763501,0,1319885,1319885
31-Mar-1963,832178,104607772,105439950,0,3768252,3768252,413193,41265480,41678673,0,1927862,1927862
30-Apr-1963,4817680,206684914,211502594,9090562,2252960,11343522,12067197,25688691,37755888,4381315,250964,4632279
31-May-1963,675164,86987104,87662268,0,2230829,2230829,315532,39056546,39372078,0,2386852,2386852
30-Jun-1963,2056748,116808861,118865609,0,2961186,2961186,617888,43840684,44458572,0,1029742,1029742
31-Jul-1963,1325562,138295707,139621268,7551,3224532,3232083,1833157,39254508,41087665,0,936106,936106
31-Aug-1963,2019476,113863759,115883235,0,2568617,2568617,602800,43841502,44444302,0,1396105,1396105
30-Sep-1963,573783,103540775,104114558,0,4480806,4480806,702038,40564212,41266250,0,2322104,2322104
31-Oct-1963,290039,80283632,80573672,0,3061610,3061610,652404,40888422,41540825,0,2850238,2850238
30-Nov-1963,698821,102203489,102902310,0,3636198,3636198,401170,42070334,42471505,0,2038709,2038709
31-Dec-1963,386877,88340449,88727326,0,3454300,3454300,622948,40125093,40748041,0,2403516,2403516
31-Jan-1964,0,83029099,83029099,0,3791365,3791365,645562,39392475,40038037,0,2024888,2024888
29-Feb-1964,24688,71162736,71187424,0,4288593,4288593,595174,40353611,40948784,0,2003241,2003241
31-Mar-1964,24688,71162736,71187424,0,4288593,4288593,595174,40353611,40948784,0,2003241,2003241
30-Apr-1964,435371,97366371,97801742,0,2678459,2678459,682701,39615694,40298395,0,2401314,2401314
31-May-1964,732020,107071461,107803480,666813,3849351,4516164,572811,42902295,43475106,0,2079083,2079083
30-Jun-1964,1519657,118878898,120398556,0,2794454,2794454,1218428,44036514,45254942,0,1084205,1084205
31-Jul-1964,1523175,117652050,119175225,0,3204021,3204021,1237265,44822392,46059657,0,919380,919380
31-Aug-1964,859760,105097300,105957060,0,4466180,4466180,436098,41428615,41864713,0,1820980,1820980
30-Sep-1964,314728,74998602,75313329,0,2492150,2492150,620467,40174946,40795413,0,2688033,2688033
31-Oct-1964,24688,70464833,70489521,0,3168461,3168461,607425,41423521,42030946,0,2903355,2903355
30-Nov-1964,0,77886510,77886510,0,4298872,4298872,627111,39679865,40306976,0,2163076,2163076
31-Dec-1964,2874938,174869842,177744780,1337609,2052741,3390349,4252751,34838073,39090824,1087920,811009,1898930
31-Jan-1965,4921306,182873112,187794419,3217009,2190276,5407284,4141799,32478698,36620497,922211,422776,1344987
28-Feb-1965,0,76036459,76036459,0,4089678,4089678,639302,40636637,41275939,0,2090204,2090204
31-Mar-1965,290039,81813321,82103360,0,3186210,3186210,664595,41203668,41868263,0,2761499,2761499
30-Apr-1965,746459,128461612,129208071,714595,2969084,3683680,712896,37782411,38495306,0,2025420,2025420
31-May-1965,863692,108964200,109827893,0,3153319,3153319,443698,42655332,43099030,0,2140048,2140048
30-Jun-1965,861782,106983902,107845685,0,3600364,3600364,440006,42691596,43131603,0,2154062,2154062
31-Jul-1965,1325562,138295707,139621268,7551,3224532,3232083,1833157,39254508,41087665,0,936106,936106
31-Aug-1965,729997,105038636,105768633,666813,4007232,4674046,568903,43546118,44115020,0,1929479,1929479
30-Sep-1965,573783,102669224,103243007,0,4843454,4843454,702038,39523555,40225594,0,2307291,2307291
31-Oct-1965,411599,86031683,86443281,0,3648308,3648308,633622,41585062,42218685,0,2185588,2185588
30-Nov-1965,0,83970485,83970485,0,2494300,2494300,651553,40484418,41135972,0,2549387,2549387
31-Dec-1965,675164,88386251,89061415,0,3034783,3034783,315532,39663438,39978970,0,2479338,2479338
31-Jan-1966,1107837,123258285,124366121,681736,3350118,4031853,607237,40952978,41560216,0,1541396,1541396
28-Feb-1966,859012,115362015,116221027,10695,3021926,3032621,442641,40315474,40758116,0,2296490,2296490
31-Mar-1966,1019910,139434397,140454307,366141,3413460,3779601,2019440,36782193,38801633,0,974450,974450
30-Apr-1966,386877,88418372,88805249,0,3122842,3122842,629209,39049935,39679144,0,2442422,2442422
31-May-1966,2000950,111727004,113727954,0,2667983,2667983,597508,43568627,44166135,0,1937800,1937800
30-Jun-1966,1012857,129671308,130684164,22727,2773262,2795989,1893566,40047667,41941233,0,1276160,1276160
31-Jul-1966,1314198,137028769,138342967,1213,2737654,2738867,1833157,40050154,41883310,0,971679,971679
31-Aug-1966,859760,105097300,105957060,0,4466180,4466180,436098,41428615,41864713,0,1820980,1820980
30-Sep-1966,290039,76586870,76876909,0,2042346,2042346,652404,40139896,40792300,0,2672364,2672364
31-Oct-1966,420952,88910932,89331884,0,3516835,3516835,649056,40705046,41354101,0,2290824,2290824
30-Nov-1966,0,75816309,75816309,0,4061531,4061531,633371,40616816,41250187,0,2127822,2127822
31-Dec-1966,1028880,145108729,146137609,382570,3335304,3717874,2090358,36351498,38441856,66733,1115512,1182245
31-Jan-1967,2185204,137675631,139860835,75884,3205333,3281217,720457,40257664,40978121,487428,1139025,1626454
28-Feb-1967,847825,111463651,112311475,0,2973777,2973777,431894,40376338,40808232,0,2239437,2239437
31-Mar-1967,1590660,154968309,156558969,479595,2709299,3188894,2277668,37564400,39842068,181318,892292,1073610
30-Apr-1967,1149119,136438304,137587422,411876,3717424,4129300,1786185,39555760,41341945,5585,1206392,1211977
31-May-1967,1019910,136719064,137738974,354342,3480345,3834687,1975739,37815837,39791576,0,877831,877831
30-Jun-1967,846196,102781713,103627909,0,4523968,4523968,423750,40148551,40572300,0,2277235,2277235
31-Jul-1967,1769091,116821978,118591069,0,3078365,3078365,945835,44604845,45550680,0,1024612,1024612
31-Aug-1967,1308726,109449988,110758713,675397,3291972,3967370,590696,43736101,44326797,0,1880540,1880540
30-Sep-1967,854694,103953892,104808586,0,4343846,4343846,430100,39610431,40040532,0,2257554,2257554
31-Oct-1967,854694,103953892,104808586,0,4343846,4343846,430100,39610431,40040532,0,2257554,2257554
30-Nov-1967,675164,82323563,82998726,0,2858920,2858920,303011,41049296,41352307,0,2625013,2625013
31-Dec-1967,411599,96078915,96490513,0,4977779,4977779,652074,39182788,39834862,0,1980010,1980010
31-Jan-1968,0,85684711,85684711,0,5222459,5222459,657754,39840795,40498548,0,2033933,2033933
29-Feb-1968,1445209,170388157,171833366,504892,2337294,2842186,3796287,35386257,39182545,986564,777139,1763704
31-Mar-1968,0,83029099,83029099,0,3791365,3791365,645562,39392475,40038037,0,2024888,2024888
30-Apr-1968,290039,79242878,79532917,0,1840578,1840578,658664,40577475,41236139,0,2903798,2903798
31-May-1968,558912,100372931,100931843,0,4838336,4838336,682701,38542077,39224778,0,2173800,2173800
30-Jun-1968,1005177,127457355,128462532,10695,3037468,3048164,1840991,39362132,41203124,0,1460995,1460995
31-Jul-1968,1325562,138295707,139621268,7551,3224532,3232083,1833157,39254508,41087665,0,936106,936106
31-Aug-1968,565147,101478842,102043989,0,4857175,4857175,689757,38466130,39155887,0,2244679,2244679
30-Sep-1968,386877,83692225,84079102,0,2796239,2796239,610757,40279435,40890192,0,2489850,2489850
31-Oct-1968,24688,74211979,74236668,0,2912034,2912034,607425,40857118,41464543,0,2499915,2499915
30-Nov-1968,24688,71162736,71187424,0,4288593,4288593,595174,40353611,40948784,0,2003241,2003241
31-Dec-1968,720642,110574843,111295486,0,3348961,3348961,393955,39558368,39952323,0,1596092,1596092
31-Jan-1969,5663940,206493204,212157144,10712184,1914268,12626451,13012481,27179958,40192439,5036540,507763,5544303
28-Feb-1969,5055558,192217147,197272706,2961417,2156064,5117481,6735793,31613121,38348915,3843112,479783,4322895
31-Mar-1969,841952,113078532,113920483,22727,3770519,3793246,432085,39758425,40190510,0,1894523,1894523
30-Apr-1969,864468,114151376,115015844,0,2745720,2745720,448992,41054201,41503193,0,1932823,1932823
31-May-1969,843016,102911474,103754490,0,4578051,4578051,423750,39351351,39775101,0,2266215,2266215
30-Jun-1969,732020,106035157,106767176,666813,3957147,4623960,572811,42933701,43506512,0,1929265,1929265
31-Jul-1969,1769091,116262198,118031289,0,2829650,2829650,945835,44326284,45272120,0,1291661,1291661
31-Aug-1969,2019476,112427132,114446608,0,2315685,2315685,602800,44115907,44718707,0,1699303,1699303
30-Sep-1969,411599,86742801,87154400,0,3603769,3603769,639883,41096306,41736189,0,2232151,2232151
31-Oct-1969,552287,96840295,97392582,0,3381256,3381256,675292,39764699,40439991,0,2116951,2116951
30-Nov-1969,675164,83135228,83810391,0,2836130,2836130,303011,40847631,41150642,0,2585689,2585689
31-Dec-1969,1393417,158877272,160270689,740785,2612348,3353133,3118266,37396466,40514732,66720,700087,766807
31-Jan-1970,46820088,249075001,295895089,35121432,2051521,37172952,58069057,22586370,80655427,22795380,75839,22871219
28-Feb-1970,1351523,148703940,150055462,133014,2457765,2590779,1911328,39086515,40997843,551151,1062033,1613184
31-Mar-1970,290039,92420784,92710824,0,3652349,3652349,694908,41576543,42271452,0,2914671,2914671
30-Apr-1970,675164,82213144,82888308,0,3473172,3473172,309272,40087626,40396898,0,2647726,2647726
31-May-1970,733929,109051759,109785688,666813,3402306,4069119,576503,42866030,43442533,0,2065069,2065069
30-Jun-1970,1008239,129575478,130583717,22727,2906636,2929363,1861096,39250729,41111824,0,1282460,1282460
31-Jul-1970,1255747,141369047,142624794,356031,3398962,3754993,1951433,38018618,39970051,0,711112,711112
31-Aug-1970,1769091,116821978,118591069,0,3078365,3078365,945835,44604845,45550680,0,1024612,1024612
30-Sep-1970,998173,107205335,108203508,666813,4288855,4955668,578809,43525731,44104540,0,1778811,1778811
31-Oct-1970,411599,88818838,89230436,0,3791381,3791381,639883,40411374,41051257,0,2307467,2307467
30-Nov-1970,0,82983516,82983516,0,4957534,4957534,632521,42232092,42864613,0,2456988,2456988
31-Dec-1970,1950862,140974194,142925056,116068,2819474,2935542,1032547,40197095,41229642,657046,1242568,1899615
31-Jan-1971,1404973,158930935,160335908,773765,2558634,3332398,3141675,37895421,41037097,66720,739536,806256
28-Feb-1971,0,74512606,74512606,0,3915349,3915349,633371,40573409,41206780,0,2219005,2219005
31-Mar-1971,1455948,169063631,170519579,653762,2547686,3201448,3096554,35376827,38473381,1311877,752892,2064770
30-Apr-1971,0,74665048,74665048,0,4064275,4064275,639302,40977085,41616387,0,2178644,2178644
31-May-1971,1291101,112795108,114086209,675397,3482651,4158048,589313,43158584,43747896,0,1401086,1401086
30-Jun-1971,861782,106983902,107845685,0,3600364,3600364,440006,42691596,43131603,0,2154062,2154062
31-Jul-1971,1245348,139834799,141080147,23797,3353019,3376817,1924065,38846906,40770971,0,722480,722480
31-Aug-1971,1308726,111186674,112495400,675397,2810483,3485880,590696,43562465,44153161,0,1859589,1859589
30-Sep-1971,573783,103394552,103968335,0,3772871,3772871,702038,42471017,43173055,0,2505582,2505582
31-Oct-1971,386877,85216079,85602955,0,2970569,2970569,616688,40342663,40959351,0,2361048,2361048
30-Nov-1971,562092,101041353,101603445,0,4498889,4498889,688632,40618138,41306770,0,2202995,2202995
31-Dec-1971,0,75318436,75318436,0,3942288,3942288,627111,40119725,40746836,0,2139620,2139620
31-Jan-1972,0,75816309,75816309,0,4061531,4061531,633371,40616816,41250187,0,2127822,2127822
29-Feb-1972,386877,95513621,95900497,0,3868535,3868535,647001,41973056,42620057,0,2211910,2211910
31-Mar-1972,1026202,141462135,142488337,379257,2813899,3193156,2045929,36536315,38582244,0,1052068,1052068
30-Apr-1972,428746,98047004,98475749,0,5012431,5012431,675292,38957512,39632804,0,1843739,1843739
31-May-1972,846196,102781713,103627909,0,4523968,4523968,423750,40148551,40572300,0,2277235,2277235
30-Jun-1972,1283491,135429126,136712616,0,2309374,2309374,1777935,39242455,41020390,0,1108936,1108936
31-Jul-1972,1312769,136762046,138074816,1213,2730836,2732049,1831564,40237832,42069396,0,969222,969222
31-Aug-1972,998173,106169031,107167204,666813,4396650,5063464,578809,43557137,44135946,0,1628993,1628993
30-Sep-1972,24688,70464833,70489521,0,3168461,3168461,607425,41423521,42030946,0,2903355,2903355
31-Oct-1972,290039,77880151,78170191,0,1775580,1775580,658664,40566161,41224825,0,2951579,2951579
30-Nov-1972,0,87234363,87234363,0,4337148,4337148,664074,39270544,39934618,0,2309422,2309422
31-Dec-1972,846555,111771658,112618213,0,3032595,3032595,435585,39584814,40020400,0,2179126,2179126
31-Jan-1973,1382757,158375630,159758388,281938,2447648,2729586,3175922,37820152,40996074,656010,756444,1412455
28-Feb-1973,1448798,168713923,170162721,639680,2073546,2713226,3722322,36439517,40161839,823890,779612,1603502
31-Mar-1973,1996771,127213691,129210462,34383,4477081,4511464,720003,39857643,40577646,0,1124117,1124117
30-Apr-1973,0,71772633,71772633,0,3874677,3874677,627111,40650524,41277635,0,2315165,2315165
31-May-1973,854694,104679220,105533914,0,3273263,3273263,430100,42557893,42987993,0,2455846,2455846
30-Jun-1973,1006811,128742161,129748972,22727,2909720,2932447,1843271,39211622,41054893,0,1357439,1357439
31-Jul-1973,1303877,135485250,136789127,693,2649553,2650246,1804982,40680607,42485589,0,986065,986065
31-Aug-1973,576825,104044771,104621596,0,3267023,3267023,702038,42951533,43653571,0,2452484,2452484
30-Sep-1973,568327,102147264,102715591,0,4517728,4517728,695688,40542191,41237879,0,2273874,2273874
31-Oct-1973,290039,80289468,80579507,0,3011881,3011881,658664,41140440,41799104,0,2890300,2890300
30-Nov-1973,1667513,177825602,179493116,3288620,1982498,5271118,4275271,32805360,37080631,1118833,861976,1980809
31-Dec-1973,2926957,179536775,182463732,1411090,2483136,3894227,4389640,32721290,37110930,1090216,837729,1927945
31-Jan-1974,11111214,222822235,233933448,3942617,2333285,6275902,33368829,24486415,57855243,7728062,0,7728062
28-Feb-1974,868400,116525302,117393702,10695,2903708,2914403,456592,40378961,40835553,0,2422708,2422708
31-Mar-1974,6911749,216411128,223322877,9041770,1924773,10966543,22371458,24811416,47182875,7575585,51591,7627176
30-Apr-1974,749991,127874693,128624684,707896,3882871,4590767,717301,38734408,39451709,0,1319611,1319611
31-May-1974,2074079,118000320,120074400,0,2868184,2868184,624424,43837929,44462353,0,1164314,1164314
30-Jun-1974,861782,106983902,107845685,0,3600364,3600364,440006,42691596,43131603,0,2154062,2154062
31-Jul-1974,1145854,125388125,126533979,22727,2671170,2693898,1667342,42022679,43690022,0,1421635,1421635
31-Aug-1974,998173,107205335,108203508,666813,4288855,4955668,578809,43525731,44104540,0,1778811,1778811
30-Sep-1974,558912,100372931,100931843,0,4838336,4838336,682701,38542077,39224778,0,2173800,2173800
31-Oct-1974,411599,88818838,89230436,0,3791381,3791381,639883,40411374,41051257,0,2307467,2307467
30-Nov-1974,562092,101041353,101603445,0,4498889,4498889,688632,40618138,41306770,0,2202995,2202995
31-Dec-1974,0,75810473,75810473,0,4111260,4111260,627111,40364797,40991908,0,2087760,2087760
31-Jan-1975,0,74506770,74506770,0,3965078,3965078,627111,40321390,40948501,0,2178943,2178943
28-Feb-1975,861489,125353976,126215466,47782,3242644,3290426,577380,37490319,38067699,0,1964616,1964616
31-Mar-1975,3792198,201283737,205075935,6085727,2424550,8510277,9075026,27367084,36442110,5746951,456172,6203123
30-Apr-1975,0,79893014,79893014,0,3802513,3802513,651823,39976806,40628628,0,2042020,2042020
31-May-1975,1774820,119994080,121768900,0,2628904,2628904,956910,43630913,44587823,0,1516655,1516655
30-Jun-1975,2021386,114069049,116090435,0,2593433,2593433,606492,43789852,44396344,0,1357952,1357952
31-Jul-1975,1011428,129540196,130551624,22727,2918856,2941583,1875375,39485304,41360679,0,1276160,1276160
31-Aug-1975,1289079,107819991,109109069,675397,3923867,4599264,585404,44055967,44641371,0,1785748,1785748
30-Sep-1975,428746,93497624,93926369,0,3491505,3491505,663430,40039638,40703068,0,2060627,2060627
31-Oct-1975,849238,103285709,104134947,0,3310184,3310184,423750,42535872,42959621,0,2407615,2407615
30-Nov-1975,386877,88755587,89142464,0,3463500,3463500,629209,40006053,40635262,0,2363010,2363010
31-Dec-1975,675164,86414420,87089584,0,3148175,3148175,309272,39919015,40228286,0,2655709,2655709
31-Jan-1976,20563,67707719,67728281,0,4160680,4160680,593039,41333823,41926862,0,2384116,2384116
29-Feb-1976,0,79289085,79289085,0,4214187,4214187,633371,39832203,40465574,0,2128749,2128749
31-Mar-1976,0,74506770,74506770,0,3965078,3965078,627111,40321390,40948501,0,2178943,2178943
30-Apr-1976,24688,71162736,71187424,0,4288593,4288593,595174,40353611,40948784,0,2003241,2003241
31-May-1976,859760,105097300,105957060,0,4466180,4466180,436098,41428615,41864713,0,1820980,1820980
30-Jun-1976,2019476,112427132,114446608,0,2315685,2315685,602800,44115907,44718707,0,1699303,1699303
31-Jul-1976,1142424,121277190,122419614,0,2708260,2708260,1661588,43348723,45010310,0,1075468,1075468
31-Aug-1976,411599,86742801,87154400,0,3603769,3603769,639883,41096306,41736189,0,2232151,2232151
30-Sep-1976,675164,79913313,80588477,0,3474295,3474295,290820,40293229,40584049,0,2646500,2646500
31-Oct-1976,428746,94271444,94700190,0,3339730,3339730,669361,40252944,40922305,0,2132216,2132216
30-Nov-1976,411599,90420701,90832300,0,3623120,3623120,646143,40215001,40861144,0,2275931,2275931
31-Dec-1976,411599,90420701,90832300,0,3623120,3623120,646143,40215001,40861144,0,2275931,2275931
31-Jan-1977,20563,67707719,67728281,0,4160680,4160680,593039,41333823,41926862,0,2384116,2384116
28-Feb-1977,20563,67707719,67728281,0,4160680,4160680,593039,41333823,41926862,0,2384116,2384116
31-Mar-1977,290039,78926741,79216780,0,2946883,2946883,658664,41129126,41787790,0,2938082,2938082
30-Apr-1977,435371,95666459,96101830,0,2918623,2918623,676770,39636400,40313170,0,2435088,2435088
31-May-1977,420952,92958800,93379752,0,3591055,3591055,655316,39764537,40419853,0,2189769,2189769
30-Jun-1977,1005177,126206904,127212082,0,2723315,2723315,1840991,40018071,41859063,0,1398995,1398995
31-Jul-1977,1011428,129540196,130551624,22727,2918856,2941583,1875375,39485304,41360679,0,1276160,1276160
31-Aug-1977,576825,104190994,104767819,0,3974958,3974958,702038,41044729,41746767,0,2269006,2269006
30-Sep-1977,675164,81281875,81957039,0,3489564,3489564,297080,40556561,40853642,0,2638780,2638780
31-Oct-1977,420952,91402107,91823059,0,3713648,3713648,655316,39901074,40556390,0,2325634,2325634
30-Nov-1977,0,75298882,75298882,0,2801848,2801848,639362,40630852,41270214,0,2723399,2723399
31-Dec-1977,664745,101518327,102183073,0,3086264,3086264,375063,39759322,40134385,0,2056607,2056607
31-Jan-1978,993211,136500826,137494036,321517,3426959,3748476,1139671,37833384,38973055,415340,1719320,2134661
28-Feb-1978,1593354,161765341,163358695,437043,1758685,2195729,3051750,37424542,40476293,481651,1018187,1499839
31-Mar-1978,1378478,158517702,159896179,608578,2469483,3078061,3157109,37353693,40510802,280617,756444,1037061
30-Apr-1978,706685,111276385,111983069,22727,3598313,3621041,416371,39319860,39736230,0,2045768,2045768
31-May-1978,435371,100155953,100591324,0,3563348,3563348,688632,42195281,42883913,0,2356944,2356944
30-Jun-1978,1310748,111490623,112801371,675397,2709323,3384720,594605,43497652,44092257,0,1862821,1862821
31-Jul-1978,1017720,130047756,131065477,34091,3048927,3083018,1907767,40588615,42496382,0,1176235,1176235
31-Aug-1978,998173,107205335,108203508,666813,4288855,4955668,578809,43525731,44104540,0,1778811,1778811
30-Sep-1978,290039,77874316,78164355,0,1825309,1825309,652404,40314143,40966547,0,2911517,2911517
31-Oct-1978,420952,91402107,91823059,0,3713648,3713648,655316,39901074,40556390,0,2325634,2325634
30-Nov-1978,420952,93020774,93441726,0,3556377,3556377,655316,40433184,41088500,0,2198449,2198449
31-Dec-1978,675164,80960836,81636000,0,2793922,2793922,303011,41037982,41340993,0,2672795,2672795
31-Jan-1979,0,78853096,78853096,0,4109525,4109525,633371,39677092,40310463,0,2161688,2161688
28-Feb-1979,277869,92338708,92616577,0,4205373,4205373,397677,40053295,40450973,0,1785763,1785763
31-Mar-1979,0,80849286,80849286,0,3818716,3818716,645562,39755397,40400960,0,1994085,1994085
30-Apr-1979,0,73144044,73144044,0,3900080,3900080,627111,40310076,40937187,0,2226725,2226725
31-May-1979,435371,100302176,100737547,0,4271283,4271283,688632,40288477,40977108,0,2173466,2173466
30-Jun-1979,771649,126162531,126934180,0,2620222,2620222,2054725,39794861,41849586,0,1463191,1463191
31-Jul-1979,1005177,127457355,128462532,10695,3037468,3048164,1840991,39362132,41203124,0,1460995,1460995
31-Aug-1979,996151,105172510,106168661,666813,4446736,5113549,574900,44169554,44744454,0,1629207,1629207
30-Sep-1979,675164,78866723,79541887,0,2302992,2302992,290820,39730264,40021084,0,2659998,2659998
31-Oct-1979,290039,80289468,80579507,0,3011881,3011881,658664,41140440,41799104,0,2890300,2890300
30-Nov-1979,0,74512606,74512606,0,3915349,3915349,633371,40573409,41206780,0,2219005,2219005
31-Dec-1979,693400,106597854,107291254,0,3578462,3578462,399598,40395458,40795056,0,1689382,1689382
31-Jan-1980,1498095,153954959,155453054,693750,2777806,3471556,2551788,38938899,41490687,268488,534046,802535
29-Feb-1980,3792198,201283737,205075935,6085727,2424550,8510277,9075026,27367084,36442110,5746951,456172,6203123
31-Mar-1980,0,91676511,91676511,0,4198392,4198392,663684,40493579,41157263,0,1768396,1768396
30-Apr-1980,386877,89975065,90361941,0,3000250,3000250,629209,38913398,39542607,0,2306557,2306557
31-May-1980,846196,102635490,103481687,0,3816033,3816033,423750,42055355,42479105,0,2460714,2460714
30-Jun-1980,1291101,109860626,111151727,675397,3341218,4016615,589313,43817517,44406830,0,1768029,1768029
31-Jul-1980,2037619,113436998,115474616,0,2679147,2679147,607739,44751688,45359427,0,1373002,1373002
31-Aug-1980,859760,104951077,105810838,0,3758245,3758245,436098,43335419,43771517,0,2004458,2004458
30-Sep-1980,435371,96918512,97353883,0,2634785,2634785,676770,39802144,40478914,0,2458146,2458146
31-Oct-1980,386877,83912376,84299252,0,2824386,2824386,616688,40299256,40915944,0,2452232,2452232
30-Nov-1980,724931,104913001,105637933,666813,4230185,4896998,562905,40861787,41424692,0,2197388,2197388
31-Dec-1980,0,74506770,74506770,0,3965078,3965078,627111,40321390,40948501,0,2178943,2178943
31-Jan-1981,0,87666171,87666171,0,4399901,4399901,657754,40858077,41515831,0,2222458,2222458
28-Feb-1981,0,85768517,85768517,0,5233962,5233962,657754,39352352,40010106,0,1890470,1890470
31-Mar-1981,0,92361242,92361242,0,3212402,3212402,681866,41152240,41834106,0,2342820,2342820
30-Apr-1981,0,73144044,73144044,0,3900080,3900080,627111,40310076,40937187,0,2226725,2226725
31-May-1981,732020,108808148,109540167,666813,3367862,4034675,572811,42728658,43301470,0,2058132,2058132
30-Jun-1981,1017720,130047756,131065477,34091,3048927,3083018,1907767,40588615,42496382,0,1176235,1176235
31-Jul-1981,1526303,120767551,122293854,0,2420031,2420031,1255017,44299684,45554701,0,1488878,1488878
31-Aug-1981,578850,103812632,104391481,0,4965789,4965789,708036,41341739,42049775,0,1870717,1870717
30-Sep-1981,314728,75893008,76207735,0,2213823,2213823,620467,40357678,40978144,0,2688033,2688033
31-Oct-1981,20563,67707719,67728281,0,4160680,4160680,593039,41333823,41926862,0,2384116,2384116
30-Nov-1981,785870,143752039,144537909,404166,3578748,3982914,2262403,37080238,39342641,83795,973182,1056977
31-Dec-1981,5403031,184039819,189442850,3663169,2046925,5710094,4463024,32506707,36969731,2297971,467504,2765475
31-Jan-1982,2034584,132901124,134935709,62168,3821742,3883911,762662,38812921,39575583,0,1527281,1527281
28-Feb-1982,5161701,186537960,191699661,1886408,2499851,4386258,4134273,30568616,34702889,2600585,460906,3061491
31-Mar-1982,1152878,149710520,150863398,107733,2773878,2881611,2449804,37252525,39702329,299620,1161776,1461395
30-Apr-1982,4535419,188067048,192602467,2644515,2342882,4987397,4216563,29518849,33735412,2609670,729665,3339335
31-May-1982,675164,81759139,82434302,0,2492590,2492590,303011,40056825,40359836,0,2523477,2523477
30-Jun-1982,420952,94922700,95343651,0,3190120,3190120,661247,39474939,40136186,0,2275736,2275736
31-Jul-1982,1525085,119898646,121423731,0,2786692,2786692,1240956,44513966,45754923,0,1406857,1406857
31-Aug-1982,859760,104951077,105810838,0,3758245,3758245,436098,43335419,43771517,0,2004458,2004458
30-Sep-1982,411599,88818838,89230436,0,3791381,3791381,639883,40411374,41051257,0,2307467,2307467
31-Oct-1982,428746,98108978,98537723,0,4977753,4977753,675292,39626159,40301451,0,1852419,1852419
30-Nov-1982,832178,106968320,107800498,0,3774446,3774446,413193,40474254,40887447,0,1837653,1837653
31-Dec-1982,1393417,157912393,159305810,715129,2850451,3565580,3070788,37639872,40710660,64073,483547,547620
31-Jan-1983,1448195,168275028,169723223,501952,2384429,2886380,3722149,36183396,39905545,971081,779612,1750693
28-Feb-1983,6710319,215015077,221725396,9467433,1646961,11114395,26495289,26340242,52835531,4819214,467504,5286718
31-Mar-1983,45340448,246372658,291713106,36180914,2154005,38334919,52538661,22520754,75059415,20934012,75839,21009851
30-Apr-1983,896179,143170666,144066846,53157,3584699,3637855,2138505,36959099,39097604,441221,1048161,1489383
31-May-1983,868400,116525302,117393702,10695,2903708,2914403,456592,40378961,40835553,0,2422708,2422708
30-Jun-1983,558912,100299563,100858475,0,4915621,4915621,688632,38780282,39468913,0,2177162,2177162
31-Jul-1983,1528213,120932525,122460738,0,2415209,2415209,1258709,44221111,45479819,0,1533605,1533605
31-Aug-1983,1523175,118929335,120452510,0,2962866,2962866,1237265,44489947,45727212,0,978972,978972
30-Sep-1983,771649,127412982,128184631,10695,2934375,2945070,2054725,39138922,41193647,0,1525191,1525191
31-Oct-1983,732020,107071461,107803480,666813,3849351,4516164,572811,42902295,43475106,0,2079083,2079083
30-Nov-1983,1022678,143114725,144137403,376581,3713918,4090498,2058925,37306804,39365729,66733,961140,1027873
31-Dec-1983,4129751,200185471,204315221,9531261,2549093,12080354,10539888,27869014,38408902,4575131,732460,5307590
31-Jan-1984,1300650,119294076,120594726,698124,3488475,4186599,607770,41669438,42277208,0,1497079,1497079
29-Feb-1984,675164,93807182,94482346,0,4193061,4193061,327394,39621969,39949362,0,2277263,2277263
31-Mar-1984,2024011,120186706,122210717,10695,3119789,3130484,615257,41375533,41990789,0,1840819,1840819
30-Apr-1984,0,75304717,75304717,0,2752119,2752119,645622,40882870,41528493,0,2763461,2763461
31-May-1984,732020,106035157,106767176,666813,3957147,4623960,572811,42933701,43506512,0,1929265,1929265
30-Jun-1984,1070640,133838488,134909128,0,2436692,2436692,1941415,39249690,41191105,0,1035852,1035852
31-Jul-1984,1325562,138295707,139621268,7551,3224532,3232083,1833157,39254508,41087665,0,936106,936106
31-Aug-1984,998173,106169031,107167204,666813,4396650,5063464,578809,43557137,44135946,0,1628993,1628993
30-Sep-1984,1308726,111186674,112495400,675397,2810483,3485880,590696,43562465,44153161,0,1859589,1859589
31-Oct-1984,290039,79237043,79527082,0,1890307,1890307,652404,40325457,40977861,0,2863736,2863736
30-Nov-1984,0,86658599,86658599,0,4418231,4418231,657754,41227751,41885504,0,2223766,2223766
31-Dec-1984,290039,89050944,89340983,0,3074143,3074143,683046,39487140,40170187,0,2644034,2644034
31-Jan-1985,24688,71162736,71187424,0,4288593,4288593,595174,40353611,40948784,0,2003241,2003241
28-Feb-1985,0,73144044,73144044,0,3900080,3900080,627111,40310076,40937187,0,2226725,2226725
31-Mar-1985,24688,72450182,72474870,0,4071556,4071556,595174,40527858,41123031,0,2242395,2242395
30-Apr-1985,20563,67707719,67728281,0,4160680,4160680,593039,41333823,41926862,0,2384116,2384116
31-May-1985,2019476,113863759,115883235,0,2568617,2568617,602800,43841502,44444302,0,1396105,1396105
30-Jun-1985,1005177,127457355,128462532,10695,3037468,3048164,1840991,39362132,41203124,0,1460995,1460995
31-Jul-1985,1767181,116083951,117851132,0,2824916,2824916,942144,44320608,45262752,0,1340953,1340953
31-Aug-1985,859760,104951077,105810838,0,3758245,3758245,436098,43335419,43771517,0,2004458,2004458
30-Sep-1985,24688,73317573,73342262,0,3190361,3190361,607425,40674387,41281811,0,2499915,2499915
31-Oct-1985,675164,81281875,81957039,0,3489564,3489564,297080,40556561,40853642,0,2638780,2638780
30-Nov-1985,290039,80546581,80836620,0,1986760,1986760,658664,40620883,41279547,0,2812614,2812614
31-Dec-1985,0,75810473,75810473,0,4111260,4111260,627111,40364797,40991908,0,2087760,2087760
31-Jan-1986,0,76541697,76541697,0,3835599,3835599,612428,40384809,40997237,0,2389954,2389954
28-Feb-1986,40597102,247437147,288034249,40599505,2017195,42616700,56159028,22550284,78709312,17321020,216540,17537560
31-Mar-1986,1151910,152317541,153469450,670296,2824185,3494481,3068507,37537566,40606073,66720,883435,950155
30-Apr-1986,0,71772633,71772633,0,3874677,3874677,627111,40650524,41277635,0,2315165,2315165
31-May-1986,428746,98108978,98537723,0,4977753,4977753,675292,39626159,40301451,0,1852419,1852419
30-Jun-1986,854694,104679220,105533914,0,3273263,3273263,430100,42557893,42987993,0,2455846,2455846
31-Jul-1986,1142424,122081526,123223950,0,2536907,2536907,1661588,43451315,45112903,0,1458626,1458626
31-Aug-1986,998173,107205335,108203508,666813,4288855,4955668,578809,43525731,44104540,0,1778811,1778811
30-Sep-1986,411599,89233976,89645575,0,3800581,3800581,646143,40292334,40938477,0,2266962,2266962
31-Oct-1986,290039,77874316,78164355,0,1825309,1825309,652404,40314143,40966547,0,2911517,2911517
30-Nov-1986,568327,102147264,102715591,0,4517728,4517728,695688,40542191,41237879,0,2273874,2273874
31-Dec-1986,290039,77880151,78170191,0,1775580,1775580,658664,40566161,41224825,0,2951579,2951579
31-Jan-1987,0,75816309,75816309,0,4061531,4061531,633371,40616816,41250187,0,2127822,2127822
28-Feb-1987,0,84185119,84185119,0,5713708,5713708,651823,38767037,39418860,0,1812748,1812748
31-Mar-1987,0,88769777,88769777,0,4057702,4057702,669615,41105869,41775484,0,2149344,2149344
30-Apr-1987,846196,102781713,103627909,0,4523968,4523968,423750,40148551,40572300,0,2277235,2277235
31-May-1987,2036695,116497596,118534291,0,2597207,2597207,609257,42646261,43255518,0,1369186,1369186
30-Jun-1987,1006811,129474698,130481509,22727,2911767,2934494,1859503,39248293,41107797,0,1282460,1282460
31-Jul-1987,1142424,122081526,123223950,0,2536907,2536907,1661588,43451315,45112903,0,1458626,1458626
31-Aug-1987,573783,103540775,104114558,0,4480806,4480806,702038,40564212,41266250,0,2322104,2322104
30-Sep-1987,386877,83692225,84079102,0,2796239,2796239,610757,40279435,40890192,0,2489850,2489850
31-Oct-1987,290039,76586870,76876909,0,2042346,2042346,652404,40139896,40792300,0,2672364,2672364
30-Nov-1987,290039,80289468,80579507,0,3011881,3011881,658664,41140440,41799104,0,2890300,2890300
31-Dec-1987,0,85056670,85056670,0,5351059,5351059,651823,39807694,40459517,0,1827561,1827561
31-Jan-1988,277869,92338708,92616577,0,4205373,4205373,397677,40053295,40450973,0,1785763,1785763
29-Feb-1988,2004770,115045022,117049792,0,2838965,2838965,604891,42863720,43468612,0,1483412,1483412
31-Mar-1988,558912,100299563,100858475,0,4915621,4915621,688632,38780282,39468913,0,2177162,2177162
30-Apr-1988,20563,66336308,66356871,0,4135277,4135277,593039,41674271,42267310,0,2472556,2472556
31-May-1988,856716,106712045,107568761,0,3115381,3115381,434009,41914070,42348078,0,2605450,2605450
30-Jun-1988,1519657,118878898,120398556,0,2794454,2794454,1218428,44036514,45254942,0,1084205,1084205
31-Jul-1988,2052928,115865545,117918473,0,2682922,2682922,610505,43608097,44218602,0,1384236,1384236
31-Aug-1988,428746,93559598,93988344,0,3456827,3456827,663430,40708285,41371715,0,2069307,2069307
30-Sep-1988,386877,82329499,82716375,0,2731242,2731242,610757,40268121,40878878,0,2537632,2537632
31-Oct-1988,420952,88910932,89331884,0,3516835,3516835,649056,40705046,41354101,0,2290824,2290824
30-Nov-1988,0,75810473,75810473,0,4111260,4111260,627111,40364797,40991908,0,2087760,2087760
31-Dec-1988,24688,71162736,71187424,0,4288593,4288593,595174,40353611,40948784,0,2003241,2003241
31-Jan-1989,0,77291149,77291149,0,4318266,4318266,639302,39861030,40500332,0,2100223,2100223
28-Feb-1989,0,71856598,71856598,0,4117117,4117117,627111,40135829,40762940,0,1987571,1987571
31-Mar-1989,757044,132277148,133034192,1046974,4591053,5638027,777302,38546264,39323566,71068,1364472,1435540
30-Apr-1989,0,74512606,74512606,0,3915349,3915349,633371,40573409,41206780,0,2219005,2219005
31-May-1989,1144221,124103318,125247540,10695,2798918,2809614,1665062,42173190,43838252,0,1525191,1525191
30-Jun-1989,1308726,111186674,112495400,675397,2810483,3485880,590696,43562465,44153161,0,1859589,1859589
31-Jul-1989,1521153,117497886,119019039,0,3184012,3184012,1233356,44865713,46099069,0,919380,919380
31-Aug-1989,565147,98893361,99458509,0,2935313,2935313,683826,39258659,39942485,0,2547534,2547534
30-Sep-1989,24688,68309995,68334684,0,4266693,4266693,595174,41102745,41697918,0,2406681,2406681
31-Oct-1989,0,76193288,76193288,0,2523520,2523520,639362,40813583,41452946,0,2723399,2723399
30-Nov-1989,290039,78329434,78619473,0,3115527,3115527,658664,40915894,41574558,0,2821742,2821742
31-Dec-1989,24688,74211979,74236668,0,2912034,2912034,607425,40857118,41464543,0,2499915,2499915
31-Jan-1990,0,79449038,79449038,0,4126551,4126551,633371,39795346,40428717,0,2067272,2067272
28-Feb-1990,24688,71162736,71187424,0,4288593,4288593,595174,40353611,40948784,0,2003241,2003241
31-Mar-1990,0,73144044,73144044,0,3900080,3900080,627111,40310076,40937187,0,2226725,2226725
30-Apr-1990,24688,70464833,70489521,0,3168461,3168461,607425,41423521,42030946,0,2903355,2903355
31-May-1990,836781,101659341,102496122,0,3851277,3851277,416694,41334102,41750796,0,2378815,2378815
30-Jun-1990,2000950,113163631,115164581,0,2920915,2920915,597508,43294222,43891730,0,1634602,1634602
31-Jul-1990,998173,107205335,108203508,666813,4288855,4955668,578809,43525731,44104540,0,1778811,1778811
31-Aug-1990,428746,91940931,92369677,0,3614097,3614097,663430,40176175,40839605,0,2196492,2196492
30-Sep-1990,314728,73040267,73354995,0,2191922,2191922,620467,41106812,41727278,0,3091473,3091473
31-Oct-1990,411599,86742801,87154400,0,3603769,3603769,639883,41096306,41736189,0,2232151,2232151
30-Nov-1990,411599,86742801,87154400,0,3603769,3603769,639883,41096306,41736189,0,2232151,2232151
31-Dec-1990,411599,87929526,88341125,0,3426308,3426308,639883,41018973,41658856,0,2241120,2241120
31-Jan-1991,24688,70464833,70489521,0,3168461,3168461,607425,41423521,42030946,0,2903355,2903355
28-Feb-1991,20563,67707719,67728281,0,4160680,4160680,593039,41333823,41926862,0,2384116,2384116
31-Mar-1991,0,86658599,86658599,0,4418231,4418231,657754,41227751,41885504,0,2223766,2223766
30-Apr-1991,24688,69791325,69816013,0,4263190,4263190,595174,40694059,41289232,0,2091681,2091681
31-May-1991,428746,94209470,94638216,0,3374408,3374408,669361,39584296,40253657,0,2123536,2123536
30-Jun-1991,428746,94271444,94700190,0,3339730,3339730,669361,40252944,40922305,0,2132216,2132216
31-Jul-1991,558912,97787451,98346363,0,2916475,2916475,676770,39334606,40011376,0,2476655,2476655
31-Aug-1991,411599,86031683,86443281,0,3648308,3648308,633622,41585062,42218685,0,2185588,2185588
30-Sep-1991,24688,70464833,70489521,0,3168461,3168461,607425,41423521,42030946,0,2903355,2903355
31-Oct-1991,24688,70464833,70489521,0,3168461,3168461,607425,41423521,42030946,0,2903355,2903355
30-Nov-1991,24688,74211979,74236668,0,2912034,2912034,607425,40857118,41464543,0,2499915,2499915
31-Dec-1991,20563,70560459,70581022,0,4182581,4182581,593039,40584689,41177728,0,1980676,1980676
31-Jan-1992,24688,71162736,71187424,0,4288593,4288593,595174,40353611,40948784,0,2003241,2003241
29-Feb-1992,0,89831913,89831913,0,4189674,4189674,657754,40779709,41437463,0,1899616,1899616
31-Mar-1992,0,79669188,79669188,0,4154698,4154698,639302,39815167,40454469,0,2029654,2029654
30-Apr-1992,24688,71162736,71187424,0,4288593,4288593,595174,40353611,40948784,0,2003241,2003241
31-May-1992,2000950,111727004,113727954,0,2667983,2667983,597508,43568627,44166135,0,1937800,1937800
30-Jun-1992,998173,107205335,108203508,666813,4288855,4955668,578809,43525731,44104540,0,1778811,1778811
31-Jul-1992,576825,104190994,104767819,0,3974958,3974958,702038,41044729,41746767,0,2269006,2269006
31-Aug-1992,428746,91940931,92369677,0,3614097,3614097,663430,40176175,40839605,0,2196492,2196492
30-Sep-1992,20563,69862556,69883119,0,3062448,3062448,605290,41654599,42259889,0,2880790,2880790
31-Oct-1992,386877,85553294,85940171,0,3311226,3311226,616688,41298781,41915469,0,2281637,2281637
30-Nov-1992,0,74905841,74905841,0,2740557,2740557,639362,40639337,41278699,0,2484246,2484246
31-Dec-1992,0,79669188,79669188,0,4154698,4154698,639302,39815167,40454469,0,2029654,2029654
31-Jan-1993,293372,107466628,107760001,34383,5081805,5116188,529916,36353910,36883825,0,1493061,1493061
28-Feb-1993,287643,101756784,102044427,10695,2988408,2999103,428820,39200381,39629201,0,2409388,2409388
31-Mar-1993,1600168,161310999,162911167,740539,2001170,2741709,2990900,37385675,40376575,64073,862413,926486
30-Apr-1993,386877,99386023,99772900,0,3191525,3191525,647001,40537490,41184491,0,2116990,2116990
31-May-1993,730885,110520478,111251363,666813,3069096,3735909,574414,41749285,42323699,0,2216490,2216490
30-Jun-1993,846948,108215002,109061950,0,3518122,3518122,431350,40303663,40735013,0,2282085,2282085
31-Jul-1993,1023088,130557383,131580471,34091,3055820,3089911,1924083,40566226,42490309,0,1193748,1193748
31-Aug-1993,565147,101478842,102043989,0,4857175,4857175,689757,38466130,39155887,0,2244679,2244679
30-Sep-1993,729997,105038636,105768633,666813,4007232,4674046,568903,43546118,44115020,0,1929479,1929479
31-Oct-1993,386877,85216079,85602955,0,2970569,2970569,616688,40342663,40959351,0,2361048,2361048
30-Nov-1993,854694,104679220,105533914,0,3273263,3273263,430100,42557893,42987993,0,2455846,2455846
31-Dec-1993,24688,72450182,72474870,0,4071556,4071556,595174,40527858,41123031,0,2242395,2242395
31-Jan-1994,24688,72450182,72474870,0,4071556,4071556,595174,40527858,41123031,0,2242395,2242395
28-Feb-1994,0,81632360,81632360,0,3826321,3826321,645562,39492155,40137717,0,2099276,2099276
31-Mar-1994,0,74506770,74506770,0,3965078,3965078,627111,40321390,40948501,0,2178943,2178943
30-Apr-1994,24688,73317573,73342262,0,3190361,3190361,607425,40674387,41281811,0,2499915,2499915
31-May-1994,411599,90790669,91202267,0,3677989,3677989,646143,40155797,40801940,0,2131096,2131096
30-Jun-1994,1523175,117652050,119175225,0,3204021,3204021,1237265,44822392,46059657,0,919380,919380
31-Jul-1994,1769091,116262198,118031289,0,2829650,2829650,945835,44326284,45272120,0,1291661,1291661
31-Aug-1994,435371,94954613,95389983,0,3035720,3035720,670839,40091741,40762580,0,2372179,2372179
30-Sep-1994,314728,74998602,75313329,0,2492150,2492150,620467,40174946,40795413,0,2688033,2688033
31-Oct-1994,24688,70464833,70489521,0,3168461,3168461,607425,41423521,42030946,0,2903355,2903355
30-Nov-1994,0,76193288,76193288,0,2523520,2523520,639362,40813583,41452946,0,2723399,2723399
31-Dec-1994,0,74506770,74506770,0,3965078,3965078,627111,40321390,40948501,0,2178943,2178943
31-Jan-1995,18221161,229518159,247739320,10986779,1643429,12630208,41333116,23029827,64362943,12024643,0,12024643
28-Feb-1995,932498,119795885,120728383,6338,3765968,3772306,446660,37875106,38321766,0,2040024,2040024
31-Mar-1995,26391834,240677651,267069486,6151995,3366209,9518204,50706877,21222191,71929068,19597232,0,19597232
30-Apr-1995,850487,114638521,115489008,22727,3344590,3367317,443186,39063308,39506494,0,2242122,2242122
31-May-1995,1379416,123805476,125184893,675397,2615242,3290639,615342,41197871,41813213,0,1356484,1356484
30-Jun-1995,428746,98047004,98475749,0,5012431,5012431,675292,38957512,39632804,0,1843739,1843739
31-Jul-1995,1000083,109185633,110185716,666813,3841810,4508623,582500,43489467,44071967,0,1764797,1764797
31-Aug-1995,2054838,114572979,116627817,0,2819237,2819237,614196,43940975,44555172,0,1409828,1409828
30-Sep-1995,2019476,113863759,115883235,0,2568617,2568617,602800,43841502,44444302,0,1396105,1396105
31-Oct-1995,576825,104190994,104767819,0,3974958,3974958,702038,41044729,41746767,0,2269006,2269006
30-Nov-1995,558912,100372931,100931843,0,4838336,4838336,682701,38542077,39224778,0,2173800,2173800
31-Dec-1995,698821,104502063,105200883,0,3677069,3677069,401170,40610460,41011631,0,1939819,1939819
31-Jan-1996,924196,118781435,119705630,0,3283343,3283343,450532,38614539,39065071,0,2075597,2075597
29-Feb-1996,5468498,207752625,213221123,9224486,2207294,11431780,14322413,26031775,40354188,4198468,250964,4449432
31-Mar-1996,1532140,132758823,134290963,41083,3208891,3249974,1348804,40315894,41664697,0,1016863,1016863
30-Apr-1996,0,76741085,76741085,0,4251887,4251887,639302,40292152,40931454,0,2253960,2253960
31-May-1996,1829393,123002480,124831872,22727,2758376,2781103,904146,42243183,43147329,0,1555207,1555207
30-Jun-1996,565147,101405474,101970621,0,4934460,4934460,695688,38704335,39400023,0,2248041,2248041
31-Jul-1996,1314198,137028769,138342967,1213,2737654,2738867,1833157,40050154,41883310,0,971679,971679
31-Aug-1996,996151,105172510,106168661,666813,4446736,5113549,574900,44169554,44744454,0,1629207,1629207
30-Sep-1996,386877,83912376,84299252,0,2824386,2824386,616688,40299256,40915944,0,2452232,2452232
31-Oct-1996,552287,98530057,99082344,0,5215768,5215768,669361,39345071,40014432,0,1927761,1927761
30-Nov-1996,552287,99849467,100401754,0,4896795,4896795,675292,40199278,40874570,0,1885742,1885742
31-Dec-1996,3466531,197700310,201166842,6931006,2102552,9033558,7885115,27576278,35461393,4208893,672712,4881605
31-Jan-1997,6710319,215015077,221725396,9467433,1646961,11114395,26495289,26340242,52835531,4819214,467504,5286718
28-Feb-1997,675164,94308096,94983260,0,3393956,3393956,327394,41227374,41554767,0,2683640,2683640
31-Mar-1997,290039,86626148,86916187,0,2915248,2915248,670855,40322429,40993284,0,2665380,2665380
30-Apr-1997,290039,79652175,79942214,0,2265088,2265088,658664,40438151,41096815,0,2812614,2812614
31-May-1997,856716,106712045,107568761,0,3115381,3115381,434009,41914070,42348078,0,2605450,2605450
30-Jun-1997,1006811,129474698,130481509,22727,2911767,2934494,1859503,39248293,41107797,0,1282460,1282460
31-Jul-1997,1011428,129540196,130551624,22727,2918856,2941583,1875375,39485304,41360679,0,1276160,1276160
31-Aug-1997,435371,96918512,97353883,0,2634785,2634785,676770,39802144,40478914,0,2458146,2458146
30-Sep-1997,732020,106035157,106767176,666813,3957147,4623960,572811,42933701,43506512,0,1929265,1929265
31-Oct-1997,428746,95523497,95952243,0,3055892,3055892,669361,40418688,41088049,0,2155274,2155274
30-Nov-1997,675164,90153041,90828205,0,3010132,3010132,315532,39831517,40147049,0,2353456,2353456
31-Dec-1997,0,79073246,79073246,0,4137672,4137672,639302,39696913,40336215,0,2124071,2124071
31-Jan-1998,4085429,184707024,188792453,1907893,2136797,4044690,5882871,32439269,38322140,2302845,1075235,3378081
28-Feb-1998,42568984,245342552,287911536,32979097,3099246,36078342,55584038,21496241,77080279,21599907,75839,21675746
31-Mar-1998,1429918,167053328,168483246,608778,2732680,3341457,3679777,36203297,39883074,823890,886282,1710172
30-Apr-1998,277869,94493546,94771415,0,3107141,3107141,409928,40374071,40784000,0,2282437,2282437
31-May-1998,1147497,143961989,145109486,73701,3296727,3370428,2348488,36874758,39223246,5585,1215153,1220738
30-Jun-1998,1217290,128174991,129392282,0,3068769,3068769,1655960,42201412,43857372,0,1091552,1091552
31-Jul-1998,1006811,128742161,129748972,22727,2909720,2932447,1843271,39211622,41054893,0,1357439,1357439
31-Aug-1998,1011428,129540196,130551624,22727,2918856,2941583,1875375,39485304,41360679,0,1276160,1276160
30-Sep-1998,1142424,123331977,124474401,10695,2851060,2861755,1661588,42795376,44456964,0,1520626,1520626
31-Oct-1998,1022925,109422803,110445728,675397,3002874,3678271,579406,43258894,43838300,0,2065069,2065069
30-Nov-1998,1200981,127480160,128681141,0,2656673,2656673,1635531,41615308,43250839,0,1115441,1115441
31-Dec-1998,1027541,141999951,143027492,386103,2929338,3315440,2062669,36407095,38469764,0,928948,928948
31-Jan-1999,1028767,114881836,115910603,675397,3080258,3755655,590698,42435290,43025988,0,1406457,1406457
28-Feb-1999,5281883,186180539,191462422,1770662,2200910,3971571,3938042,30713883,34651924,2600151,451586,3051737
31-Mar-1999,1144665,146206875,147351540,53157,3323579,3376736,2018661,37187507,39206169,453628,1007646,1461275
30-Apr-1999,0,80795445,80795445,0,4119359,4119359,651823,39207372,39859194,0,2035712,2035712
31-May-1999,846196,102781713,103627909,0,4523968,4523968,423750,40148551,40572300,0,2277235,2277235
30-Jun-1999,2056748,116249081,118305829,0,2712471,2712471,617888,43562124,44180011,0,1296791,1296791
31-Jul-1999,1314198,137028769,138342967,1213,2737654,2738867,1833157,40050154,41883310,0,971679,971679
31-Aug-1999,998173,107205335,108203508,666813,4288855,4955668,578809,43525731,44104540,0,1778811,1778811
30-Sep-1999,565147,101478842,102043989,0,4857175,4857175,689757,38466130,39155887,0,2244679,2244679
31-Oct-1999,568327,102147264,102715591,0,4517728,4517728,695688,40542191,41237879,0,2273874,2273874
30-Nov-1999,846196,102635490,103481687,0,3816033,3816033,423750,42055355,42479105,0,2460714,2460714
31-Dec-1999,0,76199123,76199123,0,2473792,2473792,645622,41065602,41711224,0,2763461,2763461
31-Jan-2000,702753,106301975,107004728,0,3910144,3910144,408771,40413976,40822747,0,1679494,1679494
29-Feb-2000,6689422,211894381,218583803,13717019,1742677,15459696,16004652,25501565,41506216,3670904,302555,3973459
31-Mar-2000,2034584,135120473,137155057,31561,3915796,3947356,783384,38250686,39034070,66733,1420745,1487478
30-Apr-2000,0,76887594,76887594,0,2845264,2845264,651553,40914005,41565559,0,2678062,2678062
31-May-2000,420952,93670647,94091598,0,3473958,3473958,661247,39309195,39970442,0,2252678,2252678
30-Jun-2000,1272127,134466161,135738288,0,2556158,2556158,1777935,39463362,41241297,0,906563,906563
31-Jul-2000,1285381,145192519,146477900,388555,3458969,3847524,2044559,37304978,39349537,0,753248,753248
31-Aug-2000,1769091,116262198,118031289,0,2829650,2829650,945835,44326284,45272120,0,1291661,1291661
30-Sep-2000,854694,104679220,105533914,0,3273263,3273263,430100,42557893,42987993,0,2455846,2455846
31-Oct-2000,552287,98977916,99530203,0,5259443,5259443,675292,39158621,39833913,0,1870929,1870929
30-Nov-2000,420952,92958800,93379752,0,3591055,3591055,655316,39764537,40419853,0,2189769,2189769
31-Dec-2000,0,76193288,76193288,0,2523520,2523520,639362,40813583,41452946,0,2723399,2723399
31-Jan-2001,0,77070999,77070999,0,4290119,4290119,633371,39841209,40474580,0,2137841,2137841
28-Feb-2001,0,84910448,84910448,0,4643124,4643124,651823,41714498,42366321,0,2011039,2011039
31-Mar-2001,0,85056670,85056670,0,5351059,5351059,651823,39807694,40459517,0,1827561,1827561
30-Apr-2001,24688,71162736,71187424,0,4288593,4288593,595174,40353611,40948784,0,2003241,2003241
31-May-2001,2036695,114999741,117036436,0,2708707,2708707,609257,43030789,43640046,0,1432931,1432931
30-Jun-2001,1006811,128341600,129348410,10695,3048899,3059594,1859503,39340155,41199659,0,1386016,1386016
31-Jul-2001,2054838,114572979,116627817,0,2819237,2819237,614196,43940975,44555172,0,1409828,1409828
31-Aug-2001,565147,99341221,99906368,0,2978988,2978988,689757,39072209,39761966,0,2490701,2490701
30-Sep-2001,314728,77180454,77495182,0,1996786,1996786,620467,40531924,41152391,0,2927187,2927187
31-Oct-2001,568327,102220632,102788959,0,4440443,4440443,689757,40303987,40993743,0,2270512,2270512
30-Nov-2001,0,80941589,80941589,0,2872583,2872583,645622,40435391,41081013,0,2699812,2699812
31-Dec-2001,708139,121162141,121870280,47782,3442944,3490726,538804,36958358,37497162,0,1822037,1822037
31-Jan-2002,782742,141985623,142768365,404166,3948184,4352350,2228419,37336422,39564841,83795,921413,1005208
28-Feb-2002,0,83029099,83029099,0,3791365,3791365,645562,39392475,40038037,0,2024888,2024888
31-Mar-2002,0,77070999,77070999,0,4290119,4290119,633371,39841209,40474580,0,2137841,2137841
30-Apr-2002,20563,69189049,69209611,0,4157178,4157178,593039,40925136,41518176,0,2069116,2069116
31-May-2002,732020,108808148,109540167,666813,3367862,4034675,572811,42728658,43301470,0,2058132,2058132
30-Jun-2002,1142424,123331977,124474401,10695,2851060,2861755,1661588,42795376,44456964,0,1520626,1520626
31-Jul-2002,1140514,121916552,123057066,0,2541729,2541729,1657896,43529888,45187784,0,1413899,1413899
31-Aug-2002,565147,101478842,102043989,0,4857175,4857175,689757,38466130,39155887,0,2244679,2244679
30-Sep-2002,386877,82870688,83257565,0,3455031,3455031,610757,39806521,40417278,0,2466000,2466000
31-Oct-2002,386877,87629331,88016207,0,3498838,3498838,616688,40613849,41230537,0,2356953,2356953
30-Nov-2002,675164,85703302,86378466,0,3192714,3192714,303011,40407771,40710782,0,2609145,2609145
31-Dec-2002,1144246,150733456,151877702,309531,2987656,3297187,2999167,38015811,41014978,64073,705410,769483
31-Jan-2003,1365532,156541997,157907528,735891,2535044,3270935,3059860,37499638,40559498,69367,773287,842654
28-Feb-2003,0,76354283,76354283,0,4771037,4771037,626260,40133439,40759700,0,2245679,2245679
31-Mar-2003,675164,94623896,95299060,0,3454615,3454615,333324,41735572,42068896,0,2613921,2613921
30-Apr-2003,2163919,127108908,129272827,6338,3332947,3339285,638647,41713557,42352204,0,1299253,1299253
31-May-2003,1015399,140203963,141219362,379539,2832991,3212530,1992621,37016830,39009451,0,1060621,1060621
30-Jun-2003,853674,106061826,106915500,0,3621229,3621229,434009,41433553,41867562,0,2658548,2658548
31-Jul-2003,1325562,138295707,139621268,7551,3224532,3232083,1833157,39254508,41087665,0,936106,936106
31-Aug-2003,1308726,111186674,112495400,675397,2810483,3485880,590696,43562465,44153161,0,1859589,1859589
30-Sep-2003,2019476,113863759,115883235,0,2568617,2568617,602800,43841502,44444302,0,1396105,1396105
